BankofChina,date,open,high,close,low,volume,price_change,p_change,ma5,ma10,ma20,v_ma5,v_ma10,v_ma20
,2019-12-23,3.700 ,3.700 ,3.670 ,3.660 ,841476.440 ,-0.030 ,-0.810 ,3.682 ,3.654 ,3.642 ,992027.190 ,887386.790 ,786608.280 
,2019-12-20,3.680 ,3.700 ,3.700 ,3.680 ,679264.060 ,0.010 ,0.270 ,3.678 ,3.649 ,3.641 ,1009459.800 ,868339.470 ,787101.060 
,2019-12-19,3.670 ,3.700 ,3.690 ,3.660 ,796903.810 ,0.020 ,0.550 ,3.668 ,3.641 ,3.637 ,1138806.360 ,848612.750 ,798211.830 
,2019-12-18,3.690 ,3.700 ,3.670 ,3.670 ,852974.500 ,-0.010 ,-0.270 ,3.652 ,3.634 ,3.634 ,1098909.510 ,807923.820 ,794450.250 
,2019-12-17,3.650 ,3.720 ,3.680 ,3.630 ,1789517.120 ,0.030 ,0.820 ,3.640 ,3.627 ,3.631 ,1015506.160 ,783943.310 ,781169.810 
,2019-12-16,3.650 ,3.660 ,3.650 ,3.630 ,928639.500 ,0.000 ,0.000 ,3.626 ,3.620 ,3.629 ,782746.400 ,685102.810 ,732127.810 
,2019-12-13,3.620 ,3.660 ,3.650 ,3.610 ,1325996.880 ,0.040 ,1.110 ,3.620 ,3.617 ,3.627 ,727219.150 ,653804.400 ,724477.760 
,2019-12-12,3.620 ,3.620 ,3.610 ,3.600 ,597419.560 ,0.000 ,0.000 ,3.614 ,3.615 ,3.625 ,558419.130 ,601394.530 ,702934.920 
,2019-12-11,3.620 ,3.620 ,3.610 ,3.610 ,435957.750 ,0.000 ,0.000 ,3.616 ,3.619 ,3.626 ,516938.120 ,594394.110 ,712062.170 
,2019-12-10,3.610 ,3.620 ,3.610 ,3.600 ,625718.310 ,-0.010 ,-0.280 ,3.614 ,3.624 ,3.628 ,552380.450 ,598404.530 ,728895.960 
,2019-12-09,3.630 ,3.630 ,3.620 ,3.610 ,651003.250 ,0.000 ,0.000 ,3.614 ,3.630 ,3.630 ,587459.210 ,685829.760 ,730476.570 
,2019-12-06,3.620 ,3.630 ,3.620 ,3.610 ,481996.780 ,0.000 ,0.000 ,3.614 ,3.633 ,3.631 ,580389.650 ,705862.640 ,748810.360 
,2019-12-05,3.610 ,3.620 ,3.620 ,3.600 ,390014.530 ,0.020 ,0.560 ,3.616 ,3.632 ,3.634 ,644369.930 ,747810.910 ,791365.580 
,2019-12-04,3.600 ,3.610 ,3.600 ,3.600 ,613169.380 ,-0.010 ,-0.280 ,3.622 ,3.633 ,3.640 ,671850.090 ,780976.690 ,815053.970 
,2019-12-03,3.620 ,3.620 ,3.610 ,3.600 ,801112.120 ,-0.010 ,-0.280 ,3.634 ,3.635 ,3.647 ,644428.610 ,778396.310 ,848887.810 
,2019-12-02,3.640 ,3.640 ,3.620 ,3.620 ,615655.440 ,-0.010 ,-0.280 ,3.646 ,3.637 ,3.652 ,784200.310 ,779152.810 ,891612.110 
,2019-11-29,3.650 ,3.650 ,3.630 ,3.620 ,801898.190 ,-0.020 ,-0.550 ,3.652 ,3.637 ,3.656 ,831335.620 ,795151.110 ,919816.490 
,2019-11-28,3.660 ,3.660 ,3.650 ,3.640 ,527415.310 ,-0.010 ,-0.270 ,3.648 ,3.635 ,3.660 ,851251.890 ,804475.300 ,927061.450 
,2019-11-27,3.670 ,3.670 ,3.660 ,3.650 ,476062.000 ,-0.010 ,-0.270 ,3.644 ,3.632 ,3.662 ,890103.290 ,829730.240 ,948202.690 
,2019-11-26,3.660 ,3.680 ,3.670 ,3.640 ,1499970.620 ,0.020 ,0.550 ,3.636 ,3.631 ,3.664 ,912364.000 ,859387.390 ,954918.800 
,2019-11-25,3.610 ,3.660 ,3.650 ,3.610 ,851332.000 ,0.040 ,1.110 ,3.628 ,3.630 ,3.665 ,774105.300 ,775123.380 ,920737.350 
,2019-11-22,3.630 ,3.640 ,3.610 ,3.610 ,901479.500 ,-0.020 ,-0.550 ,3.622 ,3.629 ,3.668 ,758966.600 ,791758.080 ,921709.450 
,2019-11-21,3.620 ,3.630 ,3.630 ,3.600 ,721672.310 ,0.010 ,0.280 ,3.622 ,3.636 ,3.674 ,757698.720 ,834920.240 ,926424.080 
,2019-11-20,3.620 ,3.630 ,3.620 ,3.620 ,587365.560 ,-0.010 ,-0.280 ,3.620 ,3.646 ,3.680 ,769357.180 ,849131.250 ,970529.750 
,2019-11-19,3.610 ,3.640 ,3.630 ,3.610 ,808677.120 ,0.010 ,0.280 ,3.626 ,3.658 ,3.684 ,806410.770 ,919379.320 ,995584.790 
,2019-11-18,3.610 ,3.630 ,3.620 ,3.590 ,775638.500 ,0.010 ,0.280 ,3.632 ,3.667 ,3.687 ,776141.460 ,1004071.420 ,985482.430 
,2019-11-15,3.620 ,3.630 ,3.610 ,3.600 ,895140.120 ,-0.010 ,-0.280 ,3.636 ,3.675 ,3.691 ,824549.560 ,1044481.870 ,983054.530 
,2019-11-14,3.650 ,3.650 ,3.620 ,3.610 ,779964.620 ,-0.030 ,-0.820 ,3.650 ,3.684 ,3.693 ,912141.760 ,1049647.600 ,980973.990 
,2019-11-13,3.650 ,3.660 ,3.650 ,3.630 ,772633.500 ,-0.010 ,-0.270 ,3.672 ,3.692 ,3.696 ,928905.310 ,1066675.150 ,972282.830 
,2019-11-12,3.650 ,3.660 ,3.660 ,3.630 ,657330.560 ,0.020 ,0.550 ,3.690 ,3.696 ,3.698 ,1032347.860 ,1050450.210 ,998232.560 
,2019-11-11,3.670 ,3.670 ,3.640 ,3.640 ,1017679.000 ,-0.040 ,-1.090 ,3.702 ,3.699 ,3.699 ,1232001.370 ,1066351.330 ,1039023.110 
,2019-11-08,3.740 ,3.740 ,3.680 ,3.670 ,1333101.120 ,-0.050 ,-1.340 ,3.714 ,3.706 ,3.701 ,1264414.170 ,1051660.810 ,1103201.060 
,2019-11-07,3.740 ,3.750 ,3.730 ,3.720 ,863782.380 ,-0.010 ,-0.270 ,3.718 ,3.711 ,3.699 ,1187153.440 ,1017927.920 ,1083707.910 
,2019-11-06,3.710 ,3.750 ,3.740 ,3.700 ,1289846.250 ,0.020 ,0.540 ,3.712 ,3.713 ,3.692 ,1204444.990 ,1091928.250 ,1079220.470 
,2019-11-05,3.700 ,3.740 ,3.720 ,3.680 ,1655598.120 ,0.020 ,0.540 ,3.702 ,3.710 ,3.686 ,1068552.560 ,1071790.260 ,1054815.810 
,2019-11-04,3.700 ,3.720 ,3.700 ,3.680 ,1179743.000 ,0.000 ,0.000 ,3.696 ,3.707 ,3.680 ,900701.290 ,966893.440 ,1012059.270 
,2019-11-01,3.700 ,3.710 ,3.700 ,3.670 ,946797.440 ,0.000 ,0.000 ,3.698 ,3.706 ,3.674 ,838907.450 ,921627.190 ,991011.100 
,2019-10-31,3.690 ,3.700 ,3.700 ,3.670 ,950240.120 ,0.010 ,0.270 ,3.704 ,3.702 ,3.669 ,848702.410 ,912300.370 ,991859.170 
,2019-10-30,3.690 ,3.700 ,3.690 ,3.680 ,610384.120 ,0.000 ,0.000 ,3.714 ,3.700 ,3.665 ,979411.510 ,877890.520 ,997114.650 
,2019-10-29,3.710 ,3.720 ,3.690 ,3.680 ,816341.750 ,-0.020 ,-0.540 ,3.718 ,3.700 ,3.660 ,1075027.960 ,946014.910 ,995413.790 
,2019-10-28,3.730 ,3.750 ,3.710 ,3.700 ,870773.810 ,-0.020 ,-0.540 ,3.718 ,3.699 ,3.655 ,1033085.590 ,1011694.890 ,977497.720 
,2019-10-25,3.750 ,3.750 ,3.730 ,3.700 ,995772.250 ,-0.020 ,-0.530 ,3.714 ,3.695 ,3.650 ,1004346.940 ,1154741.310 ,963836.720 
,2019-10-24,3.710 ,3.770 ,3.750 ,3.700 ,1603785.620 ,0.040 ,1.080 ,3.700 ,3.686 ,3.644 ,975898.340 ,1149487.890 ,969487.140 
,2019-10-23,3.690 ,3.720 ,3.710 ,3.680 ,1088466.380 ,0.020 ,0.540 ,3.686 ,3.671 ,3.637 ,776369.530 ,1066512.690 ,922062.730 
,2019-10-22,3.700 ,3.700 ,3.690 ,3.670 ,606629.880 ,0.000 ,0.000 ,3.682 ,3.662 ,3.631 ,817001.850 ,1037841.350 ,900768.790 
,2019-10-21,3.650 ,3.690 ,3.690 ,3.650 ,727080.560 ,0.030 ,0.820 ,3.680 ,3.653 ,3.628 ,990304.200 ,1057225.100 ,907633.260 
,2019-10-18,3.690 ,3.710 ,3.660 ,3.650 ,853529.250 ,-0.020 ,-0.540 ,3.676 ,3.642 ,3.626 ,1305135.690 ,1060395.000 ,904233.250 
,2019-10-17,3.690 ,3.700 ,3.680 ,3.680 ,606141.560 ,-0.010 ,-0.270 ,3.672 ,3.636 ,3.626 ,1323077.450 ,1071417.960 ,895804.040 
,2019-10-16,3.700 ,3.740 ,3.690 ,3.680 ,1291628.000 ,0.010 ,0.270 ,3.656 ,3.629 ,3.625 ,1356655.860 ,1116338.780 ,916223.650 
,2019-10-15,3.680 ,3.700 ,3.680 ,3.660 ,1473141.620 ,0.010 ,0.270 ,3.642 ,3.619 ,3.622 ,1258680.850 ,1044812.680 ,886393.960 
,2019-10-14,3.650 ,3.720 ,3.670 ,3.640 ,2301238.000 ,0.030 ,0.820 ,3.626 ,3.611 ,3.619 ,1124146.000 ,943300.550 ,856454.550 
,2019-10-11,3.610 ,3.640 ,3.640 ,3.600 ,943238.060 ,0.040 ,1.110 ,3.608 ,3.604 ,3.617 ,815654.310 ,772932.140 ,775237.490 
,2019-10-10,3.610 ,3.620 ,3.600 ,3.590 ,774033.620 ,-0.020 ,-0.550 ,3.600 ,3.601 ,3.616 ,819758.480 ,789486.380 ,793837.430 
,2019-10-09,3.580 ,3.630 ,3.620 ,3.580 ,801752.940 ,0.020 ,0.560 ,3.602 ,3.602 ,3.616 ,876021.700 ,777612.770 ,822352.810 
,2019-10-08,3.580 ,3.610 ,3.600 ,3.580 ,800467.380 ,0.020 ,0.560 ,3.596 ,3.600 ,3.613 ,830944.500 ,763696.230 ,823099.480 
,2019-09-30,3.590 ,3.610 ,3.580 ,3.580 ,758779.560 ,-0.020 ,-0.560 ,3.596 ,3.602 ,3.610 ,762455.090 ,758041.420 ,823913.940 
,2019-09-27,3.610 ,3.610 ,3.600 ,3.570 ,963758.880 ,-0.010 ,-0.280 ,3.600 ,3.610 ,3.607 ,730209.960 ,748071.490 ,821878.890 
,2019-09-26,3.600 ,3.630 ,3.610 ,3.590 ,1055349.750 ,0.020 ,0.560 ,3.602 ,3.616 ,3.604 ,759214.280 ,720190.120 ,802573.500 
,2019-09-25,3.600 ,3.610 ,3.590 ,3.580 ,576366.940 ,-0.010 ,-0.280 ,3.602 ,3.621 ,3.600 ,679203.830 ,716108.520 ,778700.740 
,2019-09-24,3.610 ,3.620 ,3.600 ,3.600 ,458020.340 ,0.000 ,0.000 ,3.604 ,3.624 ,3.599 ,696447.960 ,727975.250 ,803600.240 
,2019-09-23,3.610 ,3.620 ,3.600 ,3.590 ,597553.880 ,-0.010 ,-0.280 ,3.608 ,3.627 ,3.595 ,753627.740 ,769608.540 ,831045.940 
,2019-09-20,3.620 ,3.630 ,3.610 ,3.600 ,1108780.500 ,0.000 ,0.000 ,3.620 ,3.630 ,3.592 ,765933.020 ,777542.840 ,829569.390 
,2019-09-19,3.610 ,3.620 ,3.610 ,3.590 ,655297.500 ,0.010 ,0.280 ,3.630 ,3.631 ,3.589 ,681165.950 ,798188.470 ,792982.890 
,2019-09-18,3.630 ,3.630 ,3.600 ,3.600 ,662587.560 ,-0.020 ,-0.550 ,3.640 ,3.630 ,3.586 ,753013.210 ,867092.860 ,777742.020 
,2019-09-17,3.650 ,3.660 ,3.620 ,3.610 ,743919.250 ,-0.040 ,-1.090 ,3.644 ,3.625 ,3.584 ,759502.550 ,882502.730 ,782218.620 
,2019-09-16,3.660 ,3.660 ,3.660 ,3.640 ,659080.310 ,0.000 ,0.000 ,3.646 ,3.617 ,3.582 ,785589.350 ,889786.470 ,806590.850 
,2019-09-12,3.670 ,3.670 ,3.660 ,3.650 ,684945.120 ,0.000 ,0.000 ,3.640 ,3.604 ,3.577 ,789152.650 ,895686.290 ,800020.370 
,2019-09-11,3.630 ,3.660 ,3.660 ,3.620 ,1014533.810 ,0.040 ,1.100 ,3.632 ,3.591 ,3.573 ,915211.000 ,884956.890 ,796504.170 
,2019-09-10,3.630 ,3.640 ,3.620 ,3.600 ,695034.250 ,-0.010 ,-0.280 ,3.620 ,3.579 ,3.569 ,981172.510 ,841292.950 ,770475.180 
,2019-09-09,3.650 ,3.660 ,3.630 ,3.620 ,874353.250 ,0.000 ,0.000 ,3.606 ,3.574 ,3.567 ,1005502.910 ,879225.230 ,761877.960 
,2019-09-06,3.640 ,3.640 ,3.630 ,3.610 ,676896.810 ,0.010 ,0.280 ,3.588 ,3.563 ,3.564 ,993983.590 ,892483.340 ,747408.950 
,2019-09-05,3.600 ,3.650 ,3.620 ,3.600 ,1315236.880 ,0.020 ,0.560 ,3.568 ,3.554 ,3.561 ,1002219.940 ,881595.940 ,753652.060 
,2019-09-04,3.550 ,3.600 ,3.600 ,3.540 ,1344341.380 ,0.050 ,1.410 ,3.550 ,3.546 ,3.557 ,854702.790 ,787777.320 ,735467.000 
,2019-09-03,3.540 ,3.560 ,3.550 ,3.540 ,816686.250 ,0.010 ,0.280 ,3.538 ,3.541 ,3.553 ,701413.390 ,688391.170 ,708147.340 
,2019-09-02,3.530 ,3.550 ,3.540 ,3.530 ,816756.620 ,0.010 ,0.280 ,3.542 ,3.542 ,3.552 ,752947.540 ,681934.500 ,734754.130 
,2019-08-30,3.550 ,3.550 ,3.530 ,3.520 ,718078.560 ,0.000 ,0.000 ,3.538 ,3.546 ,3.554 ,790983.100 ,723395.240 ,752963.190 
,2019-08-29,3.540 ,3.550 ,3.530 ,3.520 ,577651.120 ,-0.010 ,-0.280 ,3.540 ,3.550 ,3.559 ,760971.950 ,704354.460 ,767667.460 
,2019-08-28,3.560 ,3.560 ,3.540 ,3.530 ,577894.380 ,-0.030 ,-0.840 ,3.542 ,3.555 ,3.567 ,720851.840 ,708051.440 ,788336.820 
,2019-08-27,3.530 ,3.570 ,3.570 ,3.520 ,1074357.000 ,0.050 ,1.420 ,3.544 ,3.558 ,3.575 ,675368.950 ,699657.420 ,787964.930 
,2019-08-26,3.510 ,3.540 ,3.520 ,3.510 ,1006934.440 ,-0.020 ,-0.560 ,3.542 ,3.559 ,3.583 ,610921.460 ,644530.690 ,775986.760 
,2019-08-23,3.550 ,3.550 ,3.540 ,3.530 ,568022.810 ,0.000 ,0.000 ,3.554 ,3.565 ,3.592 ,655807.370 ,602334.570 ,755833.190 
,2019-08-22,3.560 ,3.570 ,3.540 ,3.540 ,377050.590 ,-0.010 ,-0.280 ,3.560 ,3.567 ,3.600 ,647736.960 ,625708.180 ,756704.660 
,2019-08-21,3.560 ,3.560 ,3.550 ,3.540 ,350479.910 ,-0.010 ,-0.280 ,3.568 ,3.567 ,3.608 ,695251.040 ,683156.690 ,779014.660 
,2019-08-20,3.570 ,3.580 ,3.560 ,3.550 ,752119.560 ,-0.020 ,-0.560 ,3.572 ,3.564 ,3.615 ,723945.890 ,727903.520 ,797432.940 
,2019-08-19,3.570 ,3.580 ,3.580 ,3.520 ,1231364.000 ,0.010 ,0.280 ,3.576 ,3.561 ,3.621 ,678139.920 ,787573.760 ,800761.670 
,2019-08-16,3.580 ,3.580 ,3.570 ,3.550 ,527670.750 ,-0.010 ,-0.280 ,3.576 ,3.561 ,3.626 ,548861.760 ,782531.150 ,783267.770 
,2019-08-15,3.540 ,3.580 ,3.580 ,3.530 ,614621.000 ,0.010 ,0.280 ,3.574 ,3.568 ,3.631 ,603679.410 ,830980.460 ,800023.370 
,2019-08-14,3.600 ,3.610 ,3.570 ,3.570 ,493954.120 ,-0.010 ,-0.280 ,3.566 ,3.578 ,3.634 ,671062.340 ,868622.190 ,801435.450 
,2019-08-13,3.570 ,3.580 ,3.580 ,3.560 ,523089.720 ,0.000 ,0.000 ,3.556 ,3.592 ,3.639 ,731861.140 ,876272.450 ,806941.060 
,2019-08-12,3.560 ,3.590 ,3.580 ,3.550 ,584973.190 ,0.020 ,0.560 ,3.546 ,3.606 ,3.645 ,897007.600 ,907442.830 ,812159.060 
,2019-08-09,3.550 ,3.570 ,3.560 ,3.540 ,801759.000 ,0.020 ,0.560 ,3.546 ,3.618 ,3.651 ,1016200.540 ,909331.810 ,834085.240 
,2019-08-08,3.530 ,3.550 ,3.540 ,3.520 ,951535.690 ,0.020 ,0.570 ,3.562 ,3.632 ,3.659 ,1058281.510 ,887701.140 ,837814.890 
,2019-08-07,3.540 ,3.550 ,3.520 ,3.520 ,797948.120 ,-0.010 ,-0.280 ,3.590 ,3.648 ,3.667 ,1066182.040 ,874872.630 ,816954.090 
,2019-08-06,3.540 ,3.550 ,3.530 ,3.510 ,1348822.000 ,-0.050 ,-1.400 ,3.628 ,3.665 ,3.676 ,1020683.750 ,866962.360 ,806729.170 
,2019-08-05,3.630 ,3.630 ,3.580 ,3.570 ,1180937.880 ,-0.060 ,-1.650 ,3.666 ,3.681 ,3.685 ,917878.050 ,813949.580 ,774512.390 
,2019-08-02,3.650 ,3.650 ,3.640 ,3.630 ,1012163.880 ,-0.040 ,-1.090 ,3.690 ,3.690 ,3.692 ,802463.090 ,784004.390 ,788357.100 
,2019-08-01,3.700 ,3.710 ,3.680 ,3.670 ,991038.310 ,-0.030 ,-0.810 ,3.702 ,3.693 ,3.697 ,717120.760 ,769066.290 ,803097.290 
,2019-07-31,3.710 ,3.710 ,3.710 ,3.700 ,570456.690 ,-0.010 ,-0.270 ,3.706 ,3.690 ,3.702 ,683563.210 ,734248.700 ,796922.130 
,2019-07-30,3.700 ,3.720 ,3.720 ,3.690 ,834793.500 ,0.020 ,0.540 ,3.702 ,3.686 ,3.705 ,713240.960 ,737609.680 ,822253.690 
,2019-07-29,3.700 ,3.710 ,3.700 ,3.690 ,603863.060 ,0.000 ,0.000 ,3.696 ,3.683 ,3.707 ,710021.100 ,716875.300 ,828593.790 
,2019-07-26,3.690 ,3.710 ,3.700 ,3.690 ,585452.250 ,0.000 ,0.000 ,3.690 ,3.683 ,3.710 ,765545.690 ,758838.660 ,858855.790 
,2019-07-25,3.700 ,3.710 ,3.700 ,3.690 ,823250.560 ,0.010 ,0.270 ,3.684 ,3.685 ,3.712 ,821011.810 ,787928.640 ,866999.840 
,2019-07-24,3.700 ,3.710 ,3.690 ,3.690 ,718845.440 ,0.000 ,0.000 ,3.674 ,3.686 ,3.715 ,784934.190 ,759035.560 ,876344.360 
,2019-07-23,3.670 ,3.700 ,3.690 ,3.660 ,818694.190 ,0.020 ,0.550 ,3.670 ,3.687 ,3.717 ,761978.390 ,746495.990 ,879761.250 
,2019-07-22,3.680 ,3.690 ,3.670 ,3.660 ,881486.000 ,0.000 ,0.000 ,3.670 ,3.689 ,3.720 ,723729.500 ,735075.210 ,894838.170 
,2019-07-19,3.660 ,3.680 ,3.670 ,3.650 ,862782.880 ,0.020 ,0.550 ,3.676 ,3.693 ,3.726 ,752131.630 ,792709.810 ,890799.880 
,2019-07-18,3.660 ,3.670 ,3.650 ,3.650 ,642862.440 ,-0.020 ,-0.550 ,3.686 ,3.701 ,3.731 ,754845.460 ,837128.290 ,932936.400 
,2019-07-17,3.680 ,3.690 ,3.670 ,3.670 ,604066.440 ,-0.020 ,-0.540 ,3.698 ,3.713 ,3.739 ,733136.920 ,859595.550 ,982220.750 
,2019-07-16,3.700 ,3.700 ,3.690 ,3.680 ,627449.750 ,-0.010 ,-0.270 ,3.704 ,3.723 ,3.744 ,731013.590 ,906897.690 ,1020264.540 
,2019-07-15,3.710 ,3.720 ,3.700 ,3.670 ,1023496.620 ,-0.020 ,-0.540 ,3.708 ,3.731 ,3.748 ,746420.910 ,940312.280 ,1022029.090 
,2019-07-12,3.710 ,3.720 ,3.720 ,3.700 ,876352.060 ,0.010 ,0.270 ,3.710 ,3.737 ,3.750 ,833287.990 ,958872.930 ,1000512.980 
,2019-07-11,3.710 ,3.720 ,3.710 ,3.700 ,534319.750 ,0.010 ,0.270 ,3.716 ,3.739 ,3.750 ,919411.130 ,946071.040 ,990345.270 
,2019-07-10,3.710 ,3.710 ,3.700 ,3.690 ,593449.750 ,-0.010 ,-0.270 ,3.728 ,3.743 ,3.751 ,986054.180 ,993653.160 ,1002590.860 
,2019-07-09,3.710 ,3.720 ,3.710 ,3.700 ,704486.380 ,0.000 ,0.000 ,3.742 ,3.747 ,3.753 ,1082781.800 ,1013026.520 ,1016375.700 
,2019-07-08,3.740 ,3.750 ,3.710 ,3.700 ,1457832.000 ,-0.040 ,-1.070 ,3.754 ,3.751 ,3.755 ,1134203.650 ,1054601.130 ,1041290.740 
,2019-07-05,3.760 ,3.770 ,3.750 ,3.720 ,1306967.750 ,-0.020 ,-0.530 ,3.764 ,3.758 ,3.757 ,1084457.870 ,988889.940 ,1016461.280 
,2019-07-04,3.770 ,3.780 ,3.770 ,3.750 ,867535.000 ,0.000 ,0.000 ,3.762 ,3.760 ,3.755 ,972730.960 ,1028744.510 ,991953.690 
,2019-07-03,3.770 ,3.780 ,3.770 ,3.750 ,1077087.880 ,0.000 ,0.000 ,3.758 ,3.764 ,3.753 ,1001252.150 ,1104845.960 ,995058.060 
,2019-07-02,3.750 ,3.770 ,3.770 ,3.750 ,961595.620 ,0.010 ,0.270 ,3.752 ,3.765 ,3.749 ,943271.240 ,1133631.390 ,978401.920 
,2019-07-01,3.770 ,3.780 ,3.760 ,3.750 ,1209103.120 ,0.020 ,0.540 ,3.748 ,3.764 ,3.746 ,974998.610 ,1103745.890 ,1003491.440 
,2019-06-28,3.750 ,3.750 ,3.740 ,3.720 ,748333.190 ,-0.010 ,-0.270 ,3.752 ,3.762 ,3.752 ,893322.010 ,1042153.030 ,1029967.690 
,2019-06-27,3.750 ,3.770 ,3.750 ,3.740 ,1010140.940 ,0.010 ,0.270 ,3.758 ,3.761 ,3.759 ,1084758.050 ,1034619.490 ,1077647.920 
,2019-06-26,3.750 ,3.750 ,3.740 ,3.730 ,787183.310 ,-0.010 ,-0.270 ,3.770 ,3.759 ,3.764 ,1208439.760 ,1011528.560 ,1096833.060 
,2019-06-25,3.780 ,3.790 ,3.750 ,3.740 ,1120232.500 ,-0.030 ,-0.790 ,3.778 ,3.758 ,3.769 ,1323991.550 ,1019724.880 ,1130231.950 
,2019-06-24,3.770 ,3.780 ,3.780 ,3.750 ,800720.120 ,0.010 ,0.270 ,3.780 ,3.759 ,3.772 ,1232493.170 ,1027980.350 ,1140723.330 
,2019-06-21,3.800 ,3.820 ,3.770 ,3.770 ,1705513.380 ,-0.040 ,-1.050 ,3.772 ,3.755 ,3.772 ,1190984.040 ,1044032.630 ,1189536.710 
,2019-06-20,3.780 ,3.820 ,3.810 ,3.770 ,1628549.500 ,0.030 ,0.790 ,3.764 ,3.750 ,3.773 ,984480.940 ,955162.880 ,1268338.090 
,2019-06-19,3.790 ,3.810 ,3.780 ,3.770 ,1364942.250 ,0.020 ,0.530 ,3.748 ,3.741 ,3.773 ,814617.350 ,885270.160 ,1239604.930 
,2019-06-18,3.750 ,3.760 ,3.760 ,3.730 ,662740.620 ,0.020 ,0.540 ,3.738 ,3.733 ,3.774 ,715458.200 ,823172.440 ,1240888.800 
,2019-06-17,3.740 ,3.750 ,3.740 ,3.720 ,593174.440 ,0.010 ,0.270 ,3.738 ,3.727 ,3.777 ,823467.530 ,903236.980 ,1428378.720 
,2019-06-14,3.740 ,3.740 ,3.730 ,3.720 ,672997.880 ,0.000 ,0.000 ,3.738 ,3.741 ,3.777 ,897081.210 ,1017782.350 ,1463767.390 
,2019-06-13,3.730 ,3.750 ,3.730 ,3.710 ,779231.560 ,0.000 ,0.000 ,3.736 ,3.757 ,3.779 ,925844.830 ,1120676.340 ,1565367.090 
,2019-06-12,3.750 ,3.750 ,3.730 ,3.720 ,869146.500 ,-0.030 ,-0.800 ,3.734 ,3.768 ,3.780 ,955922.980 ,1182137.570 ,1645539.750 
,2019-06-11,3.750 ,3.770 ,3.760 ,3.740 ,1202787.250 ,0.020 ,0.540 ,3.728 ,3.779 ,3.778 ,930886.690 ,1240739.020 ,1664193.090 
,2019-06-10,3.720 ,3.760 ,3.740 ,3.720 ,961242.880 ,0.020 ,0.540 ,3.716 ,3.784 ,3.775 ,983006.440 ,1253466.310 ,1753611.730 
,2019-06-06,3.730 ,3.740 ,3.720 ,3.710 ,816815.940 ,0.000 ,0.000 ,3.744 ,3.789 ,3.776 ,1138483.490 ,1335040.790 ,1772487.870 
,2019-06-05,3.710 ,3.740 ,3.720 ,3.700 ,929622.310 ,0.020 ,0.540 ,3.778 ,3.796 ,3.774 ,1315507.850 ,1581513.300 ,1797343.580 
,2019-06-04,3.700 ,3.700 ,3.700 ,3.680 ,743965.060 ,0.000 ,0.000 ,3.802 ,3.805 ,3.774 ,1408352.160 ,1593939.710 ,1821210.150 
,2019-06-03,3.710 ,3.710 ,3.700 ,3.670 ,1463386.000 ,0.000 ,0.000 ,3.830 ,3.815 ,3.778 ,1550591.350 ,1658605.150 ,1864100.660 
,2019-05-31,3.890 ,3.910 ,3.880 ,3.860 ,1738628.120 ,-0.010 ,-0.260 ,3.852 ,3.827 ,3.782 ,1523926.170 ,1953520.450 ,1930677.740 
,2019-05-30,3.850 ,3.890 ,3.890 ,3.840 ,1701937.750 ,0.050 ,1.300 ,3.834 ,3.812 ,3.783 ,1531598.100 ,1909752.440 ,1903874.260 
,2019-05-29,3.830 ,3.870 ,3.840 ,3.820 ,1393843.880 ,0.000 ,0.000 ,3.814 ,3.801 ,3.783 ,1847518.750 ,2010057.840 ,1883941.440 
,2019-05-28,3.810 ,3.850 ,3.840 ,3.810 ,1455161.000 ,0.030 ,0.790 ,3.808 ,3.792 ,3.784 ,1779527.250 ,2108941.930 ,1908303.160 
,2019-05-27,3.790 ,3.830 ,3.810 ,3.780 ,1330060.120 ,0.020 ,0.530 ,3.800 ,3.776 ,3.786 ,1766618.950 ,2087647.160 ,1925678.110 
,2019-05-24,3.780 ,3.810 ,3.790 ,3.760 ,1776987.750 ,0.000 ,0.000 ,3.802 ,3.766 ,3.791 ,2383114.730 ,2253757.150 ,1938416.580 
,2019-05-23,3.800 ,3.840 ,3.790 ,3.740 ,3281541.000 ,-0.020 ,-0.530 ,3.790 ,3.762 ,3.799 ,2287906.780 ,2209934.940 ,1939350.780 
,2019-05-22,3.800 ,3.830 ,3.810 ,3.790 ,1053886.380 ,0.010 ,0.260 ,3.788 ,3.752 ,3.806 ,2172596.930 ,2013173.860 ,1873280.090 
,2019-05-21,3.780 ,3.830 ,3.800 ,3.780 ,1390619.500 ,-0.020 ,-0.520 ,3.776 ,3.743 ,3.817 ,2438356.600 ,2048480.600 ,1890783.390 
,2019-05-20,3.730 ,3.870 ,3.820 ,3.710 ,4412539.000 ,0.090 ,2.410 ,3.752 ,3.741 ,3.827 ,2408675.380 ,2069596.160 ,1887332.620 
,2019-05-17,3.770 ,3.780 ,3.730 ,3.730 ,1300948.000 ,-0.050 ,-1.320 ,3.730 ,3.737 ,3.838 ,2124399.580 ,1907835.040 ,1799648.740 
,2019-05-16,3.730 ,3.810 ,3.780 ,3.710 ,2704991.750 ,0.030 ,0.800 ,3.734 ,3.753 ,3.851 ,2131963.100 ,1897996.080 ,1942108.980 
,2019-05-15,3.700 ,3.800 ,3.750 ,3.690 ,2382684.750 ,0.070 ,1.900 ,3.716 ,3.764 ,3.857 ,1853750.800 ,1757825.040 ,1932953.090 
,2019-05-14,3.680 ,3.710 ,3.680 ,3.680 ,1242213.380 ,-0.030 ,-0.810 ,3.710 ,3.775 ,3.863 ,1658604.600 ,1707664.390 ,1874027.960 
,2019-05-13,3.720 ,3.780 ,3.710 ,3.650 ,2991160.000 ,-0.040 ,-1.070 ,3.730 ,3.796 ,3.872 ,1730516.950 ,1763709.050 ,1895617.310 
,2019-05-10,3.710 ,3.770 ,3.750 ,3.700 ,1338765.620 ,0.060 ,1.630 ,3.744 ,3.816 ,3.879 ,1691270.500 ,1623076.010 ,1822910.380 
,2019-05-09,3.710 ,3.730 ,3.690 ,3.690 ,1313930.250 ,-0.030 ,-0.810 ,3.772 ,3.836 ,3.885 ,1664029.050 ,1668766.630 ,1828031.150 
,2019-05-08,3.740 ,3.750 ,3.720 ,3.710 ,1406953.750 ,-0.060 ,-1.590 ,3.812 ,3.860 ,3.896 ,1661899.280 ,1733386.330 ,1890880.040 
,2019-05-07,3.790 ,3.800 ,3.780 ,3.750 ,1601775.120 ,0.000 ,0.000 ,3.840 ,3.891 ,3.904 ,1756724.180 ,1733086.180 ,1934482.740 
,2019-05-06,3.850 ,3.850 ,3.780 ,3.750 ,2794927.750 ,-0.110 ,-2.830 ,3.862 ,3.913 ,3.907 ,1796901.150 ,1705069.080 ,1934588.110 
,2019-04-30,3.890 ,3.900 ,3.890 ,3.850 ,1202558.380 ,0.000 ,0.000 ,3.888 ,3.938 ,3.910 ,1554881.530 ,1691462.450 ,1889433.970 
,2019-04-29,3.870 ,3.910 ,3.890 ,3.860 ,1303281.380 ,0.030 ,0.780 ,3.900 ,3.949 ,3.907 ,1673504.200 ,1986221.890 ,1958421.390 
,2019-04-26,3.870 ,3.890 ,3.860 ,3.840 ,1881078.250 ,-0.030 ,-0.770 ,3.908 ,3.949 ,3.901 ,1804873.370 ,2108081.150 ,1982816.070 
,2019-04-25,3.900 ,3.910 ,3.890 ,3.870 ,1802660.000 ,-0.020 ,-0.510 ,3.942 ,3.950 ,3.893 ,1709448.170 ,2040391.540 ,1943113.710 
,2019-04-24,3.960 ,3.960 ,3.910 ,3.880 ,1584829.620 ,-0.040 ,-1.010 ,3.964 ,3.947 ,3.885 ,1613237.000 ,2027525.570 ,1905913.740 
,2019-04-23,3.930 ,3.970 ,3.950 ,3.920 ,1795671.750 ,0.020 ,0.510 ,3.988 ,3.942 ,3.876 ,1828043.370 ,2022744.750 ,1889174.010 
,2019-04-22,4.040 ,4.050 ,3.930 ,3.920 ,1960127.250 ,-0.100 ,-2.480 ,3.998 ,3.934 ,3.865 ,2298939.570 ,1987295.680 ,1893430.760 
,2019-04-19,4.010 ,4.040 ,4.030 ,4.000 ,1403952.250 ,0.030 ,0.750 ,3.990 ,3.931 ,3.858 ,2411288.920 ,2048373.750 ,1866402.460 
,2019-04-18,4.020 ,4.050 ,4.000 ,3.980 ,1321604.120 ,-0.030 ,-0.740 ,3.958 ,3.917 ,3.846 ,2371334.900 ,2135879.300 ,1881891.030 
,2019-04-17,4.000 ,4.060 ,4.030 ,3.960 ,2658861.500 ,0.030 ,0.750 ,3.930 ,3.901 ,3.836 ,2441814.150 ,2164107.150 ,1898257.910 
,2019-04-16,3.880 ,4.010 ,4.000 ,3.860 ,4150152.750 ,0.110 ,2.830 ,3.896 ,3.881 ,3.825 ,2217446.130 ,2087405.490 ,1845394.790 
,2019-04-15,3.910 ,3.970 ,3.890 ,3.890 ,2521874.000 ,0.020 ,0.520 ,3.870 ,3.864 ,3.817 ,1675651.780 ,1930620.890 ,1744398.220 
,2019-04-12,3.870 ,3.890 ,3.870 ,3.850 ,1204182.120 ,0.010 ,0.260 ,3.872 ,3.852 ,3.812 ,1685458.580 ,1857550.990 ,1694206.260 
,2019-04-11,3.860 ,3.880 ,3.860 ,3.840 ,1674000.380 ,0.000 ,0.000 ,3.876 ,3.836 ,3.808 ,1900423.700 ,1845835.890 ,1698479.940 
,2019-04-10,3.860 ,3.880 ,3.860 ,3.830 ,1537021.380 ,-0.010 ,-0.260 ,3.872 ,3.823 ,3.805 ,1886400.150 ,1784301.900 ,1694360.390 
,2019-04-09,3.890 ,3.900 ,3.870 ,3.860 ,1441181.000 ,-0.030 ,-0.770 ,3.866 ,3.809 ,3.803 ,1957364.850 ,1755603.270 ,1741178.460 
,2019-04-08,3.910 ,3.960 ,3.900 ,3.870 ,2570908.000 ,0.010 ,0.260 ,3.858 ,3.795 ,3.799 ,2185590.000 ,1799565.850 ,1768172.330 
,2019-04-04,3.850 ,3.890 ,3.890 ,3.840 ,2279007.750 ,0.050 ,1.300 ,3.832 ,3.785 ,3.792 ,2029643.400 ,1684431.170 ,1790945.570 
,2019-04-03,3.810 ,3.850 ,3.840 ,3.790 ,1603882.620 ,0.010 ,0.260 ,3.796 ,3.775 ,3.792 ,1791248.070 ,1627902.760 ,1802680.990 
,2019-04-02,3.840 ,3.860 ,3.830 ,3.810 ,1891844.880 ,0.000 ,0.000 ,3.774 ,3.770 ,3.796 ,1682203.650 ,1632408.660 ,1832212.080 
,2019-04-01,3.790 ,3.850 ,3.830 ,3.780 ,2582306.750 ,0.060 ,1.590 ,3.752 ,3.768 ,3.800 ,1553841.700 ,1603384.100 ,1850486.710 
,2019-03-29,3.710 ,3.790 ,3.770 ,3.710 ,1791175.000 ,0.060 ,1.620 ,3.732 ,3.769 ,3.804 ,1413541.700 ,1558175.550 ,1914644.120 
,2019-03-28,3.720 ,3.730 ,3.710 ,3.690 ,1087031.120 ,-0.020 ,-0.540 ,3.738 ,3.771 ,3.811 ,1339218.950 ,1530861.520 ,1933008.310 
,2019-03-27,3.730 ,3.750 ,3.730 ,3.720 ,1058660.500 ,0.010 ,0.270 ,3.754 ,3.779 ,3.817 ,1464557.450 ,1551124.000 ,1969846.030 
,2019-03-26,3.750 ,3.750 ,3.720 ,3.710 ,1250035.120 ,-0.010 ,-0.270 ,3.766 ,3.786 ,3.825 ,1582613.670 ,1604418.890 ,2082681.480 
,2019-03-25,3.780 ,3.790 ,3.730 ,3.730 ,1880806.750 ,-0.070 ,-1.840 ,3.784 ,3.797 ,3.831 ,1652926.500 ,1726753.650 ,2197290.660 
,2019-03-22,3.800 ,3.820 ,3.800 ,3.780 ,1419561.250 ,0.010 ,0.260 ,3.806 ,3.803 ,3.838 ,1702809.400 ,1736778.810 ,2333668.740 
,2019-03-21,3.800 ,3.820 ,3.790 ,3.790 ,1713723.620 ,0.000 ,0.000 ,3.804 ,3.798 ,3.833 ,1722504.100 ,1897459.960 ,2334771.010 
,2019-03-20,3.810 ,3.820 ,3.790 ,3.770 ,1648941.620 ,-0.020 ,-0.530 ,3.804 ,3.808 ,3.827 ,1637690.550 ,1977459.230 ,2311754.990 
,2019-03-19,3.840 ,3.850 ,3.810 ,3.800 ,1601599.250 ,-0.030 ,-0.780 ,3.806 ,3.822 ,3.821 ,1626224.100 ,2032015.490 ,2280007.610 
,2019-03-18,3.790 ,3.840 ,3.840 ,3.770 ,2130221.250 ,0.050 ,1.320 ,3.810 ,3.831 ,3.815 ,1800580.800 ,2097589.310 ,2273941.230 
,2019-03-15,3.790 ,3.820 ,3.790 ,3.780 ,1518034.750 ,0.000 ,0.000 ,3.800 ,3.839 ,3.808 ,1770748.230 ,2271112.690 ,2244292.350 
,2019-03-14,3.800 ,3.830 ,3.790 ,3.770 ,1289655.880 ,-0.010 ,-0.260 ,3.792 ,3.850 ,3.801 ,2072415.830 ,2335155.090 ,2229808.000 
,2019-03-13,3.830 ,3.840 ,3.800 ,3.780 ,1591609.380 ,-0.030 ,-0.780 ,3.812 ,3.855 ,3.796 ,2317227.900 ,2388568.050 ,2226487.250 
,2019-03-12,3.790 ,3.870 ,3.830 ,3.790 ,2473382.750 ,0.040 ,1.050 ,3.838 ,3.863 ,3.792 ,2437806.880 ,2560944.060 ,2239778.620 
,2019-03-11,3.740 ,3.810 ,3.790 ,3.740 ,1981058.380 ,0.040 ,1.070 ,3.852 ,3.864 ,3.785 ,2394597.830 ,2667827.660 ,2179793.550 
,2019-03-08,3.870 ,3.870 ,3.750 ,3.750 ,3026372.750 ,-0.140 ,-3.600 ,3.878 ,3.873 ,3.779 ,2771477.150 ,2930558.680 ,2137462.520 
,2019-03-07,3.930 ,3.930 ,3.890 ,3.880 ,2513716.250 ,-0.040 ,-1.020 ,3.908 ,3.867 ,3.775 ,2597894.350 ,2772082.060 ,2049402.050 
,2019-03-06,3.890 ,3.930 ,3.930 ,3.880 ,2194504.250 ,0.030 ,0.770 ,3.898 ,3.845 ,3.765 ,2459908.200 ,2646050.750 ,2005778.650 
,2019-03-05,3.900 ,3.920 ,3.900 ,3.880 ,2257337.500 ,-0.020 ,-0.510 ,3.888 ,3.820 ,3.750 ,2684081.250 ,2527999.730 ,1941135.970 
,2019-03-04,3.920 ,4.000 ,3.920 ,3.920 ,3865455.000 ,0.020 ,0.510 ,3.876 ,3.798 ,3.737 ,2941057.500 ,2450293.160 ,1893769.650 
,2019-03-01,3.850 ,3.910 ,3.900 ,3.820 ,2158458.750 ,0.060 ,1.560 ,3.868 ,3.776 ,3.721 ,3089640.200 ,2217472.010 ,1762549.330 
,2019-02-28,3.880 ,3.880 ,3.840 ,3.830 ,1823785.500 ,-0.040 ,-1.030 ,3.826 ,3.751 ,3.707 ,2946269.770 ,2124460.910 ,1730849.930 
,2019-02-27,3.840 ,3.940 ,3.880 ,3.830 ,3315369.500 ,0.040 ,1.040 ,3.792 ,3.737 ,3.695 ,2832193.300 ,2064406.440 ,1688997.650 
,2019-02-26,3.870 ,3.900 ,3.840 ,3.820 ,3542218.750 ,-0.040 ,-1.030 ,3.752 ,3.721 ,3.679 ,2371918.210 ,1918613.170 ,1557138.310 
,2019-02-25,3.700 ,3.900 ,3.880 ,3.700 ,4608368.500 ,0.190 ,5.150 ,3.720 ,3.705 ,3.665 ,1959528.810 ,1691759.440 ,1432825.690 
,2019-02-22,3.660 ,3.700 ,3.690 ,3.640 ,1441606.620 ,0.020 ,0.550 ,3.684 ,3.684 ,3.650 ,1345303.810 ,1344366.370 ,1276330.740 
,2019-02-21,3.680 ,3.700 ,3.670 ,3.660 ,1253403.120 ,-0.010 ,-0.270 ,3.676 ,3.683 ,3.643 ,1302652.040 ,1326722.040 ,1288616.730 
,2019-02-20,3.690 ,3.700 ,3.680 ,3.660 ,1013994.060 ,0.000 ,0.000 ,3.682 ,3.684 ,3.636 ,1296619.590 ,1365506.560 ,1287784.690 
,2019-02-19,3.690 ,3.720 ,3.680 ,3.670 ,1480271.750 ,-0.020 ,-0.540 ,3.690 ,3.679 ,3.628 ,1465308.130 ,1354272.210 ,1280394.230 
,2019-02-18,3.670 ,3.710 ,3.700 ,3.650 ,1537243.500 ,0.050 ,1.370 ,3.690 ,3.675 ,3.620 ,1423990.080 ,1337246.140 ,1255521.940 
,2019-02-15,3.690 ,3.700 ,3.650 ,3.640 ,1228347.750 ,-0.050 ,-1.350 ,3.684 ,3.666 ,3.610 ,1343428.930 ,1307626.660 ,1233844.060 
,2019-02-14,3.720 ,3.720 ,3.700 ,3.690 ,1223240.880 ,-0.020 ,-0.540 ,3.690 ,3.663 ,3.604 ,1350792.050 ,1337238.950 ,1211051.120 
,2019-02-13,3.690 ,3.720 ,3.720 ,3.680 ,1857436.750 ,0.040 ,1.090 ,3.686 ,3.652 ,3.595 ,1434393.530 ,1313588.860 ,1208418.160 
,2019-02-12,3.670 ,3.700 ,3.680 ,3.660 ,1273681.500 ,0.010 ,0.270 ,3.668 ,3.637 ,3.587 ,1243236.300 ,1195663.460 ,1181608.180 
,2019-02-11,3.660 ,3.670 ,3.670 ,3.630 ,1134437.750 ,-0.010 ,-0.270 ,3.660 ,3.625 ,3.580 ,1250502.200 ,1173891.940 ,1176186.310 
,2019-02-01,3.690 ,3.690 ,3.680 ,3.650 ,1265163.380 ,0.000 ,0.000 ,3.648 ,3.615 ,3.575 ,1271824.400 ,1208295.110 ,1179078.920 
,2019-01-31,3.640 ,3.700 ,3.680 ,3.630 ,1641248.250 ,0.050 ,1.380 ,3.636 ,3.603 ,3.570 ,1323685.850 ,1250511.410 ,1177569.010 
,2019-01-30,3.640 ,3.650 ,3.630 ,3.620 ,901650.620 ,-0.010 ,-0.280 ,3.618 ,3.588 ,3.563 ,1192784.190 ,1210062.830 ,1144021.790 
,2019-01-29,3.620 ,3.650 ,3.640 ,3.600 ,1310011.000 ,0.030 ,0.830 ,3.606 ,3.577 ,3.559 ,1148090.610 ,1206516.250 ,1160378.760 
,2019-01-28,3.630 ,3.660 ,3.610 ,3.610 ,1241048.750 ,-0.010 ,-0.280 ,3.590 ,3.565 ,3.557 ,1097281.690 ,1173797.750 ,1149322.100 
,2019-01-25,3.600 ,3.630 ,3.620 ,3.590 ,1524470.620 ,0.030 ,0.840 ,3.582 ,3.554 ,3.558 ,1144765.810 ,1160061.450 ,1166563.620 
,2019-01-24,3.570 ,3.590 ,3.590 ,3.560 ,986739.940 ,0.020 ,0.560 ,3.570 ,3.545 ,3.559 ,1177336.970 ,1084863.290 ,1136882.320 
,2019-01-23,3.560 ,3.580 ,3.570 ,3.550 ,678182.750 ,0.010 ,0.280 ,3.558 ,3.538 ,3.560 ,1227341.480 ,1103247.460 ,1157875.940 
,2019-01-22,3.570 ,3.580 ,3.560 ,3.550 ,1055966.380 ,-0.010 ,-0.280 ,3.548 ,3.536 ,3.561 ,1264941.880 ,1167552.910 ,1166440.950 
,2019-01-21,3.570 ,3.590 ,3.570 ,3.560 ,1478469.380 ,0.010 ,0.280 ,3.540 ,3.534 ,3.561 ,1250313.810 ,1178480.680 ,1170407.660 
,2019-01-18,3.540 ,3.580 ,3.560 ,3.530 ,1687326.380 ,0.030 ,0.850 ,3.526 ,3.534 ,3.561 ,1175357.090 ,1149862.730 ,1155203.060 
,2019-01-17,3.530 ,3.550 ,3.530 ,3.510 ,1236762.500 ,0.010 ,0.280 ,3.520 ,3.536 ,3.562 ,992389.610 ,1104626.610 ,1099419.590 
,2019-01-16,3.520 ,3.530 ,3.520 ,3.500 ,866184.750 ,0.000 ,0.000 ,3.518 ,3.538 ,3.565 ,979153.440 ,1077980.750 ,1072913.030 
,2019-01-15,3.510 ,3.530 ,3.520 ,3.500 ,982826.060 ,0.020 ,0.570 ,3.524 ,3.540 ,3.569 ,1070163.940 ,1114241.270 ,1064580.650 
,2019-01-14,3.530 ,3.540 ,3.500 ,3.490 ,1103685.750 ,-0.030 ,-0.850 ,3.528 ,3.549 ,3.572 ,1106647.550 ,1124846.460 ,1055869.220 
,2019-01-11,3.530 ,3.540 ,3.530 ,3.520 ,772489.000 ,0.010 ,0.280 ,3.542 ,3.562 ,3.577 ,1124368.370 ,1173065.780 ,1033940.120 
,2019-01-10,3.540 ,3.550 ,3.520 ,3.510 ,1170581.620 ,-0.030 ,-0.840 ,3.552 ,3.572 ,3.580 ,1216863.600 ,1188901.360 ,1019245.770 
,2019-01-09,3.540 ,3.580 ,3.550 ,3.540 ,1321237.250 ,0.010 ,0.280 ,3.558 ,3.581 ,3.583 ,1176808.060 ,1212504.420 ,986163.030 
,2019-01-08,3.570 ,3.580 ,3.540 ,3.520 ,1165244.120 ,-0.030 ,-0.840 ,3.556 ,3.585 ,3.584 ,1158318.610 ,1165328.990 ,955840.110 
,2019-01-07,3.590 ,3.600 ,3.570 ,3.550 ,1192289.880 ,-0.010 ,-0.280 ,3.570 ,3.588 ,3.587 ,1143045.360 ,1162334.640 ,913840.200 
,2019-01-04,3.530 ,3.590 ,3.580 ,3.520 ,1234965.120 ,0.030 ,0.840 ,3.582 ,3.587 ,3.589 ,1221763.190 ,1160543.390 ,889329.160 
,2019-01-03,3.540 ,3.570 ,3.550 ,3.520 ,970303.940 ,0.010 ,0.280 ,3.592 ,3.587 ,3.592 ,1160939.110 ,1094212.580 ,855981.040 
,2019-01-02,3.620 ,3.630 ,3.540 ,3.530 ,1228790.000 ,-0.070 ,-1.940 ,3.604 ,3.591 ,3.597 ,1248200.780 ,1067845.320 ,837635.770 
,2018-12-28,3.640 ,3.660 ,3.610 ,3.610 ,1088877.880 ,-0.020 ,-0.550 ,3.614 ,3.598 ,3.603 ,1172339.360 ,1014920.020 ,836131.800 
,2018-12-27,3.630 ,3.660 ,3.630 ,3.630 ,1585879.000 ,0.000 ,0.000 ,3.606 ,3.595 ,3.603 ,1181623.910 ,986891.990 ,814765.530 
,2018-12-26,3.610 ,3.630 ,3.630 ,3.600 ,930844.750 ,0.020 ,0.550 ,3.592 ,3.592 ,3.601 ,1099323.590 ,894814.460 ,762708.630 
,2018-12-25,3.580 ,3.630 ,3.610 ,3.560 ,1406612.250 ,0.020 ,0.560 ,3.582 ,3.588 ,3.599 ,1027486.050 ,849590.180 ,745671.890 
,2018-12-24,3.560 ,3.600 ,3.590 ,3.550 ,849482.940 ,0.020 ,0.560 ,3.578 ,3.584 ,3.598 ,887489.860 ,759821.630 ,704595.670 
,2018-12-21,3.540 ,3.570 ,3.570 ,3.520 ,1135300.620 ,0.010 ,0.280 ,3.582 ,3.582 ,3.598 ,857500.670 ,746351.230 ,704392.210 
,2018-12-20,3.580 ,3.580 ,3.560 ,3.520 ,1174377.380 ,-0.020 ,-0.560 ,3.584 ,3.585 ,3.599 ,792160.060 ,665345.760 ,690052.190 
,2018-12-19,3.600 ,3.600 ,3.580 ,3.570 ,571657.060 ,-0.010 ,-0.280 ,3.592 ,3.590 ,3.602 ,690305.320 ,618114.930 ,655353.070 
,2018-12-18,3.590 ,3.610 ,3.590 ,3.570 ,706631.310 ,-0.020 ,-0.550 ,3.594 ,3.596 ,3.603 ,671694.310 ,617749.500 ,658014.870 
,2018-12-17,3.580 ,3.610 ,3.610 ,3.570 ,699537.000 ,0.030 ,0.840 ,3.590 ,3.603 ,3.604 ,632153.410 ,607426.230 ,668659.550 
,2018-12-14,3.600 ,3.600 ,3.580 ,3.580 ,808597.560 ,-0.020 ,-0.560 ,3.582 ,3.607 ,3.605 ,635201.790 ,657343.580 ,685066.170 
,2018-12-13,3.590 ,3.620 ,3.600 ,3.570 ,665103.690 ,0.010 ,0.280 ,3.586 ,3.610 ,3.606 ,538531.460 ,642639.070 ,710741.530 
,2018-12-12,3.580 ,3.590 ,3.590 ,3.570 ,478602.000 ,0.020 ,0.560 ,3.588 ,3.609 ,3.606 ,545924.530 ,630602.800 ,731355.720 
,2018-12-11,3.570 ,3.580 ,3.570 ,3.560 ,508926.780 ,0.000 ,0.000 ,3.598 ,3.610 ,3.606 ,563804.680 ,641753.590 ,772336.870 
,2018-12-10,3.590 ,3.600 ,3.570 ,3.560 ,714778.940 ,-0.030 ,-0.830 ,3.616 ,3.611 ,3.608 ,582699.050 ,649369.700 ,802167.150 
,2018-12-07,3.610 ,3.610 ,3.600 ,3.590 ,325245.880 ,-0.010 ,-0.280 ,3.632 ,3.614 ,3.610 ,679485.360 ,662433.180 ,810808.760 
,2018-12-06,3.630 ,3.640 ,3.610 ,3.590 ,702069.060 ,-0.030 ,-0.820 ,3.634 ,3.613 ,3.610 ,746746.690 ,714758.620 ,874913.050 
,2018-12-05,3.630 ,3.650 ,3.640 ,3.630 ,568002.750 ,-0.020 ,-0.550 ,3.630 ,3.613 ,3.613 ,715281.060 ,692591.220 ,874612.110 
,2018-12-04,3.650 ,3.660 ,3.660 ,3.640 ,603398.620 ,0.010 ,0.270 ,3.622 ,3.610 ,3.614 ,719702.500 ,698280.250 ,891240.500 
,2018-12-03,3.640 ,3.670 ,3.650 ,3.630 ,1198710.500 ,0.040 ,1.110 ,3.606 ,3.604 ,3.614 ,716040.350 ,729892.880 ,912546.960 
,2018-11-30,3.580 ,3.610 ,3.610 ,3.580 ,661552.500 ,0.020 ,0.560 ,3.596 ,3.603 ,3.615 ,645381.000 ,712788.750 ,923984.630 
,2018-11-29,3.610 ,3.620 ,3.590 ,3.580 ,544740.940 ,-0.010 ,-0.280 ,3.592 ,3.602 ,3.620 ,682770.550 ,778843.980 ,987469.030 
,2018-11-28,3.580 ,3.620 ,3.600 ,3.580 ,590109.940 ,0.020 ,0.560 ,3.596 ,3.603 ,3.624 ,669901.370 ,832108.640 ,1031120.630 
,2018-11-27,3.610 ,3.610 ,3.580 ,3.580 ,585087.880 ,-0.020 ,-0.560 ,3.598 ,3.601 ,3.630 ,676857.990 ,902920.150 ,1067229.310 
,2018-11-26,3.590 ,3.620 ,3.600 ,3.590 ,845413.750 ,0.010 ,0.280 ,3.602 ,3.605 ,3.638 ,743745.410 ,954964.590 ,1125587.090 
,2018-11-23,3.600 ,3.620 ,3.590 ,3.580 ,848500.250 ,-0.020 ,-0.550 ,3.610 ,3.606 ,3.643 ,780196.510 ,959184.330 ,1163492.760 
,2018-11-22,3.620 ,3.620 ,3.610 ,3.590 ,480395.030 ,0.000 ,0.000 ,3.612 ,3.606 ,3.649 ,874917.410 ,1035067.480 ,1188118.730 
,2018-11-21,3.590 ,3.620 ,3.610 ,3.580 ,624893.060 ,0.010 ,0.280 ,3.610 ,3.612 ,3.654 ,994315.900 ,1056633.010 ,1226154.690 
,2018-11-20,3.630 ,3.630 ,3.600 ,3.600 ,919524.940 ,-0.040 ,-1.100 ,3.604 ,3.617 ,3.658 ,1128982.310 ,1084200.750 ,1294206.420 
,2018-11-19,3.610 ,3.640 ,3.640 ,3.600 ,1027669.250 ,0.040 ,1.110 ,3.608 ,3.623 ,3.659 ,1166183.770 ,1095201.050 ,1326797.440 
,2018-11-16,3.600 ,3.620 ,3.600 ,3.580 ,1322104.750 ,0.000 ,0.000 ,3.602 ,3.627 ,3.662 ,1138172.160 ,1135180.510 ,1395757.590 
,2018-11-15,3.570 ,3.600 ,3.600 ,3.570 ,1077387.500 ,0.020 ,0.560 ,3.600 ,3.638 ,3.662 ,1195217.560 ,1196094.080 ,1421274.640 
,2018-11-14,3.620 ,3.620 ,3.580 ,3.560 ,1298225.120 ,-0.040 ,-1.100 ,3.614 ,3.645 ,3.658 ,1118950.110 ,1230132.630 ,1427311.580 
,2018-11-13,3.580 ,3.630 ,3.620 ,3.580 ,1105532.250 ,0.010 ,0.280 ,3.630 ,3.659 ,3.656 ,1039419.190 ,1231538.460 ,1422637.420 
,2018-11-12,3.590 ,3.620 ,3.610 ,3.580 ,887611.190 ,0.020 ,0.560 ,3.638 ,3.671 ,3.651 ,1024218.330 ,1296209.590 ,1413922.000 
,2018-11-09,3.660 ,3.660 ,3.590 ,3.590 ,1607331.750 ,-0.080 ,-2.180 ,3.652 ,3.680 ,3.645 ,1132188.860 ,1367801.200 ,1415906.680 
,2018-11-08,3.680 ,3.690 ,3.670 ,3.660 ,696050.250 ,0.010 ,0.270 ,3.676 ,3.692 ,3.643 ,1196970.590 ,1341169.970 ,1410735.060 
,2018-11-07,3.670 ,3.690 ,3.660 ,3.650 ,900570.500 ,0.000 ,0.000 ,3.676 ,3.696 ,3.635 ,1341315.140 ,1395676.380 ,1480236.730 
,2018-11-06,3.680 ,3.680 ,3.660 ,3.640 ,1029527.940 ,-0.020 ,-0.540 ,3.688 ,3.698 ,3.632 ,1423657.740 ,1504212.100 ,1483048.000 
,2018-11-05,3.690 ,3.700 ,3.680 ,3.660 ,1427463.880 ,-0.030 ,-0.810 ,3.704 ,3.694 ,3.628 ,1568200.850 ,1558393.830 ,1489288.240 
,2018-11-02,3.700 ,3.720 ,3.710 ,3.680 ,1931240.380 ,0.040 ,1.090 ,3.708 ,3.696 ,3.625 ,1603413.530 ,1656334.660 ,1509852.470 
,2018-11-01,3.720 ,3.730 ,3.670 ,3.670 ,1417773.000 ,-0.050 ,-1.340 ,3.708 ,3.686 ,3.626 ,1485369.350 ,1646455.210 ,1512558.100 
,2018-10-31,3.740 ,3.750 ,3.720 ,3.700 ,1312283.500 ,-0.020 ,-0.540 ,3.716 ,3.671 ,3.626 ,1450037.630 ,1624490.530 ,1488824.250 
,2018-10-30,3.700 ,3.750 ,3.740 ,3.700 ,1752243.500 ,0.040 ,1.080 ,3.708 ,3.653 ,3.624 ,1584766.450 ,1613736.380 ,1515624.030 
,2018-10-29,3.710 ,3.750 ,3.700 ,3.670 ,1603527.250 ,-0.010 ,-0.270 ,3.684 ,3.630 ,3.620 ,1548586.800 ,1531634.410 ,1488153.140 
,2018-10-26,3.710 ,3.730 ,3.710 ,3.680 ,1341019.500 ,0.000 ,0.000 ,3.684 ,3.610 ,3.619 ,1709255.800 ,1464012.160 ,1536020.300 
,2018-10-25,3.630 ,3.710 ,3.710 ,3.620 ,1241114.380 ,0.030 ,0.810 ,3.664 ,3.594 ,3.612 ,1807541.080 ,1480300.160 ,1540747.040 
,2018-10-24,3.620 ,3.730 ,3.680 ,3.620 ,1985927.620 ,0.060 ,1.660 ,3.626 ,3.573 ,3.604 ,1798943.420 ,1564797.080 ,1530884.170 
,2018-10-23,3.680 ,3.690 ,3.620 ,3.610 ,1571345.250 ,-0.080 ,-2.160 ,3.598 ,3.565 ,3.598 ,1642706.300 ,1461883.910 ,1472527.980 
,2018-10-22,3.620 ,3.720 ,3.700 ,3.610 ,2406872.250 ,0.090 ,2.490 ,3.576 ,3.562 ,3.593 ,1514682.030 ,1420182.660 ,1421565.090 
,2018-10-19,3.500 ,3.620 ,3.610 ,3.490 ,1832445.880 ,0.090 ,2.560 ,3.536 ,3.554 ,3.585 ,1218768.510 ,1363370.280 ,1335946.280 
,2018-10-18,3.530 ,3.550 ,3.520 ,3.510 ,1198126.120 ,-0.020 ,-0.560 ,3.524 ,3.565 ,3.581 ,1153059.240 ,1378660.990 ,1288783.290 
,2018-10-17,3.540 ,3.550 ,3.540 ,3.500 ,1204742.000 ,0.030 ,0.850 ,3.520 ,3.581 ,3.580 ,1330650.740 ,1353157.980 ,1266677.460 
,2018-10-16,3.510 ,3.540 ,3.510 ,3.500 ,931223.880 ,0.010 ,0.290 ,3.532 ,3.595 ,3.578 ,1281061.510 ,1417511.690 ,1242757.810 
,2018-10-15,3.540 ,3.540 ,3.500 ,3.500 ,927304.690 ,-0.050 ,-1.410 ,3.548 ,3.609 ,3.579 ,1325683.290 ,1444671.870 ,1234235.700 
,2018-10-12,3.490 ,3.550 ,3.550 ,3.480 ,1503899.500 ,0.050 ,1.430 ,3.572 ,3.627 ,3.579 ,1507972.050 ,1608028.450 ,1216705.180 
,2018-10-11,3.540 ,3.560 ,3.500 ,3.460 ,2086083.620 ,-0.100 ,-2.780 ,3.606 ,3.629 ,3.577 ,1604262.750 ,1601193.920 ,1176367.490 
,2018-10-10,3.600 ,3.620 ,3.600 ,3.580 ,956795.880 ,0.010 ,0.280 ,3.642 ,3.635 ,3.578 ,1375665.230 ,1496971.270 ,1115621.060 
,2018-10-09,3.610 ,3.620 ,3.590 ,3.580 ,1154332.750 ,-0.030 ,-0.830 ,3.658 ,3.630 ,3.577 ,1553961.870 ,1483172.060 ,1115676.880 
,2018-10-08,3.660 ,3.660 ,3.620 ,3.590 ,1838748.500 ,-0.100 ,-2.690 ,3.670 ,3.623 ,3.575 ,1563660.450 ,1422947.520 ,1093748.220 
,2018-09-28,3.680 ,3.750 ,3.720 ,3.670 ,1985353.000 ,0.040 ,1.090 ,3.682 ,3.615 ,3.572 ,1708084.850 ,1308522.280 ,1076054.370 
,2018-09-27,3.670 ,3.680 ,3.680 ,3.640 ,943096.000 ,0.000 ,0.000 ,3.652 ,3.597 ,3.562 ,1598125.100 ,1198905.580 ,1011086.640 
,2018-09-26,3.650 ,3.710 ,3.680 ,3.640 ,1848279.120 ,0.030 ,0.820 ,3.628 ,3.578 ,3.556 ,1618277.310 ,1180196.940 ,998516.200 
,2018-09-25,3.650 ,3.670 ,3.650 ,3.630 ,1202825.620 ,-0.030 ,-0.810 ,3.602 ,3.561 ,3.550 ,1412382.250 ,1068003.920 ,947256.560 
,2018-09-21,3.570 ,3.690 ,3.680 ,3.560 ,2560870.500 ,0.110 ,3.080 ,3.576 ,3.548 ,3.545 ,1282234.600 ,1023799.540 ,947239.960 
,2018-09-20,3.580 ,3.600 ,3.570 ,3.540 ,1435554.250 ,0.010 ,0.280 ,3.548 ,3.531 ,3.538 ,908959.710 ,825381.910 ,873904.670 
,2018-09-19,3.550 ,3.580 ,3.560 ,3.540 ,1043857.060 ,0.010 ,0.280 ,3.542 ,3.524 ,3.534 ,799686.060 ,751541.060 ,832219.480 
,2018-09-18,3.530 ,3.550 ,3.550 ,3.510 ,818803.810 ,0.030 ,0.850 ,3.528 ,3.521 ,3.531 ,742116.560 ,734270.860 ,799904.590 
,2018-09-17,3.530 ,3.540 ,3.520 ,3.510 ,552087.380 ,-0.020 ,-0.560 ,3.520 ,3.524 ,3.530 ,723625.600 ,748181.700 ,801365.680 
,2018-09-14,3.540 ,3.550 ,3.540 ,3.530 ,694496.060 ,0.000 ,0.000 ,3.520 ,3.527 ,3.529 ,765364.470 ,764548.910 ,816746.350 
,2018-09-13,3.510 ,3.540 ,3.540 ,3.500 ,889186.000 ,0.050 ,1.430 ,3.514 ,3.528 ,3.524 ,741804.100 ,843586.460 ,814989.400 
,2018-09-12,3.500 ,3.510 ,3.490 ,3.470 ,756009.560 ,-0.020 ,-0.570 ,3.506 ,3.527 ,3.521 ,703396.050 ,823267.690 ,816945.740 
,2018-09-11,3.510 ,3.530 ,3.510 ,3.490 ,726349.000 ,-0.010 ,-0.280 ,3.514 ,3.534 ,3.519 ,726425.150 ,816835.460 ,829001.430 
,2018-09-10,3.500 ,3.530 ,3.520 ,3.490 ,760781.750 ,0.010 ,0.280 ,3.528 ,3.539 ,3.519 ,772737.800 ,826509.200 ,832350.880 
,2018-09-07,3.500 ,3.530 ,3.510 ,3.500 ,576694.190 ,0.010 ,0.290 ,3.534 ,3.542 ,3.518 ,763733.350 ,870680.380 ,853698.680 
,2018-09-06,3.530 ,3.540 ,3.500 ,3.500 ,697145.750 ,-0.030 ,-0.850 ,3.542 ,3.544 ,3.520 ,945368.810 ,922427.430 ,858659.720 
,2018-09-05,3.570 ,3.580 ,3.530 ,3.530 ,871155.060 ,-0.050 ,-1.400 ,3.548 ,3.544 ,3.523 ,943139.340 ,912897.910 ,875177.760 
,2018-09-04,3.550 ,3.590 ,3.580 ,3.530 ,957912.250 ,0.030 ,0.840 ,3.554 ,3.541 ,3.523 ,907245.760 ,865538.320 ,873474.940 
,2018-09-03,3.550 ,3.560 ,3.550 ,3.530 ,715759.500 ,0.000 ,0.000 ,3.550 ,3.535 ,3.522 ,880280.600 ,854549.670 ,879472.950 
,2018-08-31,3.540 ,3.580 ,3.550 ,3.530 ,1484871.500 ,0.020 ,0.570 ,3.550 ,3.530 ,3.520 ,977627.400 ,868943.780 ,907352.870 
,2018-08-30,3.560 ,3.570 ,3.530 ,3.530 ,685998.380 ,-0.030 ,-0.840 ,3.546 ,3.520 ,3.518 ,899486.050 ,786392.340 ,873688.730 
,2018-08-29,3.550 ,3.560 ,3.560 ,3.540 ,691687.190 ,0.000 ,0.000 ,3.540 ,3.514 ,3.516 ,882656.490 ,810623.790 ,916531.720 
,2018-08-28,3.550 ,3.580 ,3.560 ,3.550 ,823086.440 ,0.010 ,0.280 ,3.528 ,3.503 ,3.516 ,823830.870 ,841167.410 ,950341.680 
,2018-08-27,3.540 ,3.560 ,3.550 ,3.530 ,1202493.500 ,0.020 ,0.570 ,3.520 ,3.498 ,3.519 ,828818.740 ,838192.550 ,978052.200 
,2018-08-24,3.500 ,3.570 ,3.530 ,3.480 ,1094164.750 ,0.030 ,0.860 ,3.510 ,3.493 ,3.522 ,760260.160 ,836716.970 ,985695.230 
,2018-08-23,3.500 ,3.520 ,3.500 ,3.480 ,601850.560 ,0.000 ,0.000 ,3.494 ,3.495 ,3.523 ,673298.620 ,794892.010 ,968190.350 
,2018-08-22,3.510 ,3.520 ,3.500 ,3.480 ,397559.120 ,-0.020 ,-0.570 ,3.488 ,3.501 ,3.527 ,738591.100 ,837457.610 ,993431.970 
,2018-08-21,3.500 ,3.540 ,3.520 ,3.480 ,848025.750 ,0.020 ,0.570 ,3.478 ,3.505 ,3.532 ,858503.950 ,881411.560 ,1021697.560 
,2018-08-20,3.460 ,3.500 ,3.500 ,3.450 ,859700.620 ,0.050 ,1.450 ,3.476 ,3.508 ,3.535 ,847566.360 ,904396.230 ,1068931.950 
,2018-08-17,3.480 ,3.480 ,3.450 ,3.440 ,659357.060 ,-0.020 ,-0.580 ,3.476 ,3.510 ,3.540 ,913173.790 ,945761.960 ,1118321.820 
,2018-08-16,3.430 ,3.480 ,3.470 ,3.420 ,928312.940 ,0.020 ,0.580 ,3.496 ,3.515 ,3.545 ,916485.400 ,960985.120 ,1180387.910 
,2018-08-15,3.500 ,3.510 ,3.450 ,3.450 ,997123.380 ,-0.060 ,-1.710 ,3.514 ,3.517 ,3.544 ,936324.120 ,1022439.640 ,1174838.370 
,2018-08-14,3.500 ,3.510 ,3.510 ,3.470 ,793337.810 ,0.010 ,0.290 ,3.532 ,3.529 ,3.545 ,904319.160 ,1059515.950 ,1182179.770 
,2018-08-13,3.520 ,3.530 ,3.500 ,3.460 ,1187737.750 ,-0.040 ,-1.130 ,3.540 ,3.540 ,3.544 ,961226.100 ,1117911.860 ,1178740.420 
,2018-08-10,3.560 ,3.570 ,3.550 ,3.530 ,675915.120 ,-0.010 ,-0.280 ,3.544 ,3.550 ,3.544 ,978350.120 ,1134673.480 ,1177329.250 
,2018-08-09,3.520 ,3.570 ,3.560 ,3.510 ,1027506.560 ,0.030 ,0.850 ,3.534 ,3.551 ,3.545 ,1005484.840 ,1141488.690 ,1210125.350 
,2018-08-08,3.550 ,3.560 ,3.540 ,3.520 ,837098.560 ,-0.020 ,-0.560 ,3.520 ,3.552 ,3.556 ,1108555.150 ,1149406.340 ,1235347.420 
,2018-08-07,3.510 ,3.560 ,3.550 ,3.500 ,1077872.500 ,0.040 ,1.140 ,3.526 ,3.558 ,3.565 ,1214712.740 ,1161983.560 ,1246866.830 
,2018-08-06,3.490 ,3.550 ,3.520 ,3.490 ,1273357.880 ,0.030 ,0.860 ,3.540 ,3.562 ,3.574 ,1274597.610 ,1233467.660 ,1253808.240 
,2018-08-03,3.490 ,3.530 ,3.500 ,3.470 ,811588.690 ,0.010 ,0.290 ,3.556 ,3.570 ,3.586 ,1290996.840 ,1290881.680 ,1269917.370 
,2018-08-02,3.550 ,3.560 ,3.490 ,3.470 ,1542858.120 ,-0.070 ,-1.970 ,3.568 ,3.575 ,3.591 ,1277492.550 ,1399790.710 ,1275866.150 
,2018-08-01,3.620 ,3.660 ,3.570 ,3.560 ,1367886.500 ,-0.050 ,-1.380 ,3.584 ,3.571 ,3.595 ,1190257.530 ,1327237.100 ,1254938.200 
,2018-07-31,3.590 ,3.630 ,3.620 ,3.560 ,1377296.880 ,0.020 ,0.560 ,3.590 ,3.561 ,3.594 ,1109254.390 ,1304843.590 ,1226821.450 
,2018-07-30,3.560 ,3.600 ,3.600 ,3.550 ,1355354.000 ,0.040 ,1.120 ,3.584 ,3.548 ,3.588 ,1192337.710 ,1239568.980 ,1215187.590 
,2018-07-27,3.560 ,3.570 ,3.560 ,3.540 ,744067.250 ,-0.010 ,-0.280 ,3.584 ,3.537 ,3.582 ,1290766.510 ,1219985.010 ,1220321.500 
,2018-07-26,3.600 ,3.620 ,3.570 ,3.550 ,1106683.000 ,-0.020 ,-0.560 ,3.582 ,3.538 ,3.585 ,1522088.860 ,1278762.010 ,1222312.920 
,2018-07-25,3.610 ,3.620 ,3.600 ,3.580 ,962870.810 ,0.000 ,0.000 ,3.558 ,3.560 ,3.584 ,1464216.670 ,1321288.500 ,1222185.210 
,2018-07-24,3.580 ,3.640 ,3.590 ,3.570 ,1792713.500 ,0.000 ,0.000 ,3.532 ,3.571 ,3.585 ,1500432.790 ,1331750.100 ,1242693.580 
,2018-07-23,3.530 ,3.610 ,3.600 ,3.510 ,1847498.000 ,0.050 ,1.410 ,3.512 ,3.585 ,3.588 ,1286800.240 ,1274148.810 ,1228994.690 
,2018-07-20,3.450 ,3.580 ,3.550 ,3.440 ,1900679.000 ,0.100 ,2.900 ,3.490 ,3.601 ,3.594 ,1149203.510 ,1248953.060 ,1186507.480 
,2018-07-19,3.470 ,3.470 ,3.450 ,3.430 ,817322.060 ,-0.010 ,-0.290 ,3.494 ,3.606 ,3.603 ,1035435.160 ,1151941.590 ,1123243.200 
,2018-07-18,3.490 ,3.520 ,3.470 ,3.460 ,1143951.380 ,-0.010 ,-0.290 ,3.562 ,3.619 ,3.617 ,1178360.330 ,1182639.310 ,1130102.980 
,2018-07-17,3.500 ,3.500 ,3.490 ,3.460 ,724550.750 ,-0.010 ,-0.290 ,3.610 ,3.626 ,3.631 ,1163067.400 ,1148799.320 ,1122195.380 
,2018-07-16,3.560 ,3.560 ,3.490 ,3.480 ,1159514.380 ,-0.070 ,-1.970 ,3.658 ,3.627 ,3.644 ,1261497.380 ,1190806.210 ,1253632.510 
,2018-07-13,3.620 ,3.620 ,3.570 ,3.550 ,1331837.250 ,-0.040 ,-1.110 ,3.712 ,3.626 ,3.657 ,1348702.600 ,1220657.980 ,1260356.050 
,2018-07-12,3.710 ,3.800 ,3.790 ,3.700 ,1531947.880 ,0.070 ,1.880 ,3.718 ,3.631 ,3.665 ,1268448.010 ,1165863.820 ,1241834.740 
,2018-07-11,3.670 ,3.730 ,3.710 ,3.660 ,1067486.750 ,-0.020 ,-0.540 ,3.676 ,3.608 ,3.662 ,1186918.290 ,1123081.920 ,1202045.520 
,2018-07-10,3.760 ,3.770 ,3.730 ,3.710 ,1216700.620 ,-0.020 ,-0.530 ,3.642 ,3.599 ,3.664 ,1134531.240 ,1153637.070 ,1174314.220 
,2018-07-09,3.610 ,3.770 ,3.760 ,3.600 ,1595540.500 ,0.160 ,4.440 ,3.596 ,3.591 ,3.664 ,1120115.040 ,1183840.570 ,1143759.570 
,2018-07-06,3.580 ,3.630 ,3.600 ,3.560 ,930564.310 ,0.020 ,0.560 ,3.540 ,3.586 ,3.663 ,1092613.360 ,1124061.910 ,1120149.070 
,2018-07-05,3.530 ,3.590 ,3.580 ,3.520 ,1124299.250 ,0.050 ,1.420 ,3.544 ,3.600 ,3.672 ,1063279.620 ,1094544.810 ,1115733.790 
,2018-07-04,3.500 ,3.550 ,3.540 ,3.490 ,805551.500 ,0.030 ,0.850 ,3.540 ,3.615 ,3.681 ,1059245.550 ,1077566.660 ,1095418.140 
,2018-07-03,3.460 ,3.510 ,3.500 ,3.460 ,1144619.620 ,0.030 ,0.860 ,3.556 ,3.635 ,3.694 ,1172742.900 ,1095591.450 ,1087847.660 
,2018-07-02,3.600 ,3.610 ,3.480 ,3.440 ,1458032.120 ,-0.130 ,-3.600 ,3.586 ,3.660 ,3.708 ,1247566.100 ,1316458.810 ,1076920.310 
,2018-06-29,3.570 ,3.620 ,3.620 ,3.560 ,783895.620 ,0.060 ,1.690 ,3.632 ,3.687 ,3.722 ,1155510.450 ,1300054.110 ,1060796.490 
,2018-06-28,3.590 ,3.610 ,3.560 ,3.550 ,1104128.880 ,-0.060 ,-1.660 ,3.656 ,3.699 ,3.730 ,1125810.000 ,1317805.660 ,1096749.600 
,2018-06-27,3.640 ,3.650 ,3.620 ,3.560 ,1373038.250 ,-0.030 ,-0.820 ,3.690 ,3.716 ,3.740 ,1095887.760 ,1281009.130 ,1087285.400 
,2018-06-26,3.680 ,3.680 ,3.650 ,3.600 ,1518735.620 ,-0.050 ,-1.350 ,3.714 ,3.728 ,3.750 ,1018440.000 ,1194991.380 ,1080275.450 
,2018-06-25,3.750 ,3.760 ,3.710 ,3.680 ,997753.880 ,-0.030 ,-0.800 ,3.734 ,3.736 ,3.759 ,1385351.530 ,1103678.560 ,1041334.960 
,2018-06-22,3.720 ,3.740 ,3.740 ,3.710 ,635393.380 ,0.000 ,0.000 ,3.742 ,3.739 ,3.765 ,1444597.780 ,1116236.240 ,1034282.440 
,2018-06-21,3.730 ,3.760 ,3.730 ,3.720 ,954517.690 ,0.000 ,0.000 ,3.742 ,3.743 ,3.768 ,1509801.320 ,1136922.760 ,1045281.530 
,2018-06-20,3.750 ,3.750 ,3.740 ,3.720 ,985799.440 ,-0.020 ,-0.530 ,3.742 ,3.747 ,3.773 ,1466130.490 ,1113269.620 ,1042592.360 
,2018-06-19,3.730 ,3.780 ,3.750 ,3.710 ,3353293.250 ,0.000 ,0.000 ,3.742 ,3.752 ,3.780 ,1371542.750 ,1080103.860 ,1048777.120 
,2018-06-15,3.730 ,3.760 ,3.750 ,3.720 ,1293985.120 ,0.020 ,0.540 ,3.738 ,3.756 ,3.788 ,822005.600 ,837381.810 ,926638.660 
,2018-06-14,3.710 ,3.740 ,3.740 ,3.700 ,961411.120 ,0.010 ,0.270 ,3.736 ,3.757 ,3.795 ,787874.700 ,821538.870 ,910412.140 
,2018-06-13,3.740 ,3.740 ,3.730 ,3.700 ,736163.500 ,-0.010 ,-0.270 ,3.744 ,3.761 ,3.800 ,764044.200 ,875693.540 ,892529.210 
,2018-06-12,3.730 ,3.750 ,3.740 ,3.720 ,512860.750 ,0.000 ,0.000 ,3.752 ,3.764 ,3.806 ,760408.760 ,893561.670 ,896167.790 
,2018-06-11,3.730 ,3.740 ,3.730 ,3.710 ,605607.500 ,-0.010 ,-0.270 ,3.762 ,3.772 ,3.814 ,788664.970 ,965559.520 ,910090.440 
,2018-06-08,3.770 ,3.780 ,3.740 ,3.730 ,1123330.620 ,-0.040 ,-1.060 ,3.774 ,3.781 ,3.822 ,852758.020 ,978991.350 ,953659.710 
,2018-06-07,3.780 ,3.800 ,3.780 ,3.770 ,842258.620 ,0.010 ,0.270 ,3.778 ,3.790 ,3.829 ,855203.050 ,952328.650 ,952618.250 
,2018-06-06,3.790 ,3.790 ,3.770 ,3.760 ,717986.310 ,-0.020 ,-0.530 ,3.778 ,3.792 ,3.834 ,987342.870 ,953640.290 ,940951.490 
,2018-06-05,3.790 ,3.800 ,3.790 ,3.770 ,654141.810 ,0.000 ,0.000 ,3.776 ,3.799 ,3.839 ,1026714.590 ,971915.090 ,940423.960 
,2018-06-04,3.770 ,3.800 ,3.790 ,3.760 ,926072.750 ,0.030 ,0.800 ,3.782 ,3.808 ,3.843 ,1142454.080 ,1017450.390 ,993230.440 
,2018-06-01,3.760 ,3.780 ,3.760 ,3.740 ,1135555.750 ,-0.010 ,-0.270 ,3.788 ,3.820 ,3.844 ,1105224.680 ,1015895.510 ,993848.930 
,2018-05-31,3.780 ,3.780 ,3.780 ,3.750 ,1502957.750 ,0.020 ,0.530 ,3.802 ,3.833 ,3.846 ,1049454.250 ,999285.410 ,973344.820 
,2018-05-30,3.800 ,3.800 ,3.760 ,3.760 ,914844.880 ,-0.070 ,-1.830 ,3.806 ,3.839 ,3.848 ,919937.710 ,909364.890 ,953215.330 
,2018-05-29,3.800 ,3.840 ,3.820 ,3.760 ,1232839.250 ,0.000 ,0.000 ,3.822 ,3.848 ,3.851 ,917115.600 ,898773.910 ,983319.710 
,2018-05-28,3.810 ,3.830 ,3.820 ,3.780 ,739925.750 ,0.000 ,0.000 ,3.834 ,3.855 ,3.851 ,892446.700 ,854621.360 ,963850.390 
,2018-05-25,3.810 ,3.830 ,3.830 ,3.800 ,856703.620 ,0.020 ,0.530 ,3.852 ,3.862 ,3.849 ,926566.350 ,928328.080 ,988918.560 
,2018-05-24,3.840 ,3.850 ,3.800 ,3.800 ,855375.060 ,-0.040 ,-1.040 ,3.864 ,3.868 ,3.848 ,949116.570 ,952907.840 ,991710.360 
,2018-05-23,3.870 ,3.870 ,3.840 ,3.840 ,900734.310 ,-0.040 ,-1.030 ,3.872 ,3.876 ,3.849 ,898792.060 ,928262.680 ,1036705.560 
,2018-05-22,3.910 ,3.910 ,3.880 ,3.850 ,1109494.750 ,-0.030 ,-0.770 ,3.874 ,3.879 ,3.847 ,880432.220 ,908932.830 ,1035777.760 
,2018-05-21,3.910 ,3.930 ,3.910 ,3.890 ,910524.000 ,0.010 ,0.260 ,3.876 ,3.877 ,3.842 ,816796.010 ,969010.490 ,1048092.810 
,2018-05-18,3.850 ,3.900 ,3.890 ,3.840 ,969454.750 ,0.040 ,1.040 ,3.872 ,3.868 ,3.835 ,930089.810 ,971802.340 ,1059729.520 
,2018-05-17,3.850 ,3.860 ,3.840 ,3.840 ,603752.500 ,-0.010 ,-0.260 ,3.872 ,3.859 ,3.830 ,956699.110 ,947404.230 ,1086192.810 
,2018-05-16,3.880 ,3.880 ,3.850 ,3.850 ,808935.120 ,-0.040 ,-1.030 ,3.880 ,3.856 ,3.826 ,957733.300 ,997065.780 ,1117677.330 
,2018-05-15,3.910 ,3.910 ,3.890 ,3.870 ,791313.690 ,-0.010 ,-0.260 ,3.884 ,3.853 ,3.822 ,937433.440 ,1067865.510 ,1213663.590 
,2018-05-14,3.900 ,3.930 ,3.890 ,3.880 ,1476993.000 ,-0.010 ,-0.260 ,3.878 ,3.846 ,3.821 ,1121224.980 ,1073079.430 ,1260489.130 
,2018-05-11,3.890 ,3.920 ,3.890 ,3.870 ,1102501.250 ,0.010 ,0.260 ,3.864 ,3.836 ,3.822 ,1013514.880 ,1049509.030 ,1273565.990 
,2018-05-10,3.880 ,3.900 ,3.880 ,3.860 ,608923.440 ,0.000 ,0.000 ,3.846 ,3.827 ,3.826 ,938109.340 ,1030512.880 ,1400812.970 
,2018-05-09,3.870 ,3.880 ,3.870 ,3.850 ,707435.810 ,0.000 ,0.000 ,3.832 ,3.822 ,3.828 ,1036398.250 ,1145148.430 ,1473753.170 
,2018-05-08,3.830 ,3.890 ,3.860 ,3.820 ,1710271.380 ,0.030 ,0.780 ,3.822 ,3.814 ,3.827 ,1198297.590 ,1162622.690 ,1509103.280 
,2018-05-07,3.810 ,3.840 ,3.820 ,3.790 ,938442.500 ,0.020 ,0.530 ,3.814 ,3.806 ,3.827 ,1024933.890 ,1127175.130 ,1491572.380 
,2018-05-04,3.810 ,3.820 ,3.800 ,3.800 ,725473.560 ,-0.020 ,-0.520 ,3.808 ,3.802 ,3.829 ,1085503.190 ,1147656.690 ,1527937.530 
,2018-05-03,3.800 ,3.830 ,3.810 ,3.790 ,1100368.000 ,0.000 ,0.000 ,3.808 ,3.801 ,3.833 ,1122916.410 ,1224981.390 ,1612040.150 
,2018-05-02,3.830 ,3.850 ,3.820 ,3.790 ,1516932.500 ,0.000 ,0.000 ,3.812 ,3.796 ,3.839 ,1253898.610 ,1238288.880 ,1714277.190 
,2018-04-27,3.800 ,3.820 ,3.820 ,3.770 ,843452.880 ,0.030 ,0.790 ,3.806 ,3.791 ,3.847 ,1126947.790 ,1359461.660 ,1770778.460 
,2018-04-26,3.810 ,3.810 ,3.790 ,3.760 ,1241289.000 ,-0.010 ,-0.260 ,3.798 ,3.796 ,3.854 ,1229416.360 ,1447898.830 ,1824043.140 
,2018-04-25,3.820 ,3.830 ,3.800 ,3.790 ,912539.690 ,-0.040 ,-1.040 ,3.796 ,3.808 ,3.862 ,1209810.190 ,1497622.960 ,1910066.410 
,2018-04-24,3.780 ,3.860 ,3.830 ,3.780 ,1755279.000 ,0.050 ,1.320 ,3.794 ,3.824 ,3.872 ,1327046.370 ,1771113.060 ,1975042.650 
,2018-04-23,3.760 ,3.800 ,3.790 ,3.760 ,882178.380 ,0.010 ,0.270 ,3.780 ,3.834 ,3.886 ,1222679.150 ,1802357.910 ,2068370.910 
,2018-04-20,3.780 ,3.790 ,3.780 ,3.740 ,1355795.750 ,-0.010 ,-0.260 ,3.776 ,3.840 ,3.905 ,1591975.520 ,1855583.870 ,2085795.620 
,2018-04-19,3.780 ,3.810 ,3.780 ,3.770 ,1143258.120 ,0.000 ,0.000 ,3.794 ,3.847 ,3.925 ,1666381.300 ,1855969.640 ,2078349.520 
,2018-04-18,3.810 ,3.810 ,3.790 ,3.760 ,1498720.620 ,0.030 ,0.800 ,3.820 ,3.855 ,3.944 ,1785435.720 ,1908218.360 ,2074511.050 
,2018-04-17,3.770 ,3.800 ,3.760 ,3.750 ,1233442.880 ,-0.010 ,-0.270 ,3.854 ,3.865 ,3.962 ,2215179.750 ,1999098.900 ,2033781.460 
,2018-04-16,3.850 ,3.860 ,3.770 ,3.760 ,2728660.250 ,-0.100 ,-2.580 ,3.888 ,3.881 ,3.980 ,2382036.670 ,2190265.490 ,2034703.970 
,2018-04-13,3.950 ,3.950 ,3.870 ,3.860 ,1727824.620 ,-0.040 ,-1.020 ,3.904 ,3.903 ,4.000 ,2119192.220 ,2182095.260 ,1955040.640 
,2018-04-12,3.950 ,3.960 ,3.910 ,3.900 ,1738530.250 ,-0.060 ,-1.510 ,3.900 ,3.911 ,4.015 ,2045557.980 ,2200187.440 ,1928742.380 
,2018-04-11,3.930 ,4.010 ,3.960 ,3.900 ,3647440.750 ,0.030 ,0.760 ,3.890 ,3.916 ,4.029 ,2031001.000 ,2322509.860 ,1933453.520 
,2018-04-10,3.850 ,3.940 ,3.930 ,3.830 ,2067727.500 ,0.080 ,2.080 ,3.876 ,3.919 ,4.040 ,1783018.050 ,2178972.240 ,1850644.210 
,2018-04-09,3.840 ,3.860 ,3.850 ,3.820 ,1414438.000 ,0.000 ,0.000 ,3.874 ,3.938 ,4.053 ,1998494.300 ,2334383.910 ,1813825.820 
,2018-04-04,3.870 ,3.890 ,3.850 ,3.850 ,1359653.380 ,-0.030 ,-0.770 ,3.902 ,3.970 ,4.070 ,2244998.300 ,2316007.360 ,1797135.410 
,2018-04-03,3.850 ,3.890 ,3.860 ,3.830 ,1665745.380 ,-0.020 ,-0.520 ,3.922 ,4.002 ,4.088 ,2354816.900 ,2300729.400 ,1836615.160 
,2018-04-02,3.930 ,3.940 ,3.890 ,3.870 ,2407526.000 ,-0.040 ,-1.020 ,3.942 ,4.033 ,4.105 ,2614018.730 ,2240803.740 ,1846744.270 
,2018-03-30,3.990 ,3.990 ,3.920 ,3.910 ,3145108.750 ,-0.070 ,-1.750 ,3.962 ,4.058 ,4.119 ,2574926.430 ,2068464.030 ,1799535.030 
,2018-03-29,3.960 ,4.020 ,3.990 ,3.910 ,2646958.000 ,0.030 ,0.760 ,4.002 ,4.079 ,4.131 ,2670273.530 ,1879142.450 ,1732431.310 
,2018-03-28,3.930 ,4.000 ,3.950 ,3.930 ,1908746.380 ,-0.020 ,-0.500 ,4.038 ,4.097 ,4.143 ,2387016.430 ,1727986.030 ,1680483.500 
,2018-03-27,4.030 ,4.040 ,3.960 ,3.930 ,2961754.500 ,-0.030 ,-0.750 ,4.082 ,4.118 ,4.157 ,2246641.900 ,1657297.330 ,1677617.310 
,2018-03-26,4.080 ,4.090 ,3.990 ,3.960 ,2212064.500 ,-0.130 ,-3.150 ,4.124 ,4.142 ,4.175 ,1867588.750 ,1544397.180 ,1654297.470 
,2018-03-23,4.110 ,4.130 ,4.120 ,4.030 ,3621844.250 ,-0.050 ,-1.200 ,4.154 ,4.160 ,4.196 ,1562001.630 ,1522316.190 ,1657303.610 
,2018-03-22,4.160 ,4.180 ,4.170 ,4.130 ,1230672.500 ,0.000 ,0.000 ,4.156 ,4.167 ,4.209 ,1088011.380 ,1293267.730 ,1549374.760 
,2018-03-21,4.170 ,4.190 ,4.170 ,4.160 ,1206873.750 ,0.000 ,0.000 ,4.156 ,4.170 ,4.219 ,1068955.630 ,1278263.460 ,1577347.460 
,2018-03-20,4.120 ,4.180 ,4.170 ,4.110 ,1066488.750 ,0.040 ,0.970 ,4.154 ,4.174 ,4.225 ,1067952.750 ,1372500.910 ,1584506.170 
,2018-03-19,4.130 ,4.140 ,4.140 ,4.120 ,684128.880 ,0.010 ,0.240 ,4.160 ,4.176 ,4.230 ,1221205.600 ,1452684.800 ,1661493.250 
,2018-03-16,4.170 ,4.180 ,4.130 ,4.130 ,1251893.000 ,-0.040 ,-0.960 ,4.166 ,4.179 ,4.234 ,1482630.750 ,1530606.020 ,1753281.570 
,2018-03-15,4.150 ,4.190 ,4.170 ,4.150 ,1135393.750 ,0.000 ,0.000 ,4.178 ,4.183 ,4.243 ,1498524.070 ,1585720.170 ,1972643.390 
,2018-03-14,4.180 ,4.190 ,4.160 ,4.150 ,1201859.380 ,-0.030 ,-0.720 ,4.184 ,4.188 ,4.256 ,1487571.300 ,1632980.970 ,2164085.510 
,2018-03-13,4.180 ,4.240 ,4.200 ,4.180 ,1832753.000 ,0.030 ,0.720 ,4.194 ,4.195 ,4.277 ,1677049.070 ,1697937.300 ,2433081.110 
,2018-03-12,4.200 ,4.210 ,4.170 ,4.160 ,1991254.620 ,-0.010 ,-0.240 ,4.192 ,4.207 ,4.306 ,1684164.000 ,1764197.770 ,2693318.510 
,2018-03-09,4.200 ,4.220 ,4.190 ,4.160 ,1331359.620 ,-0.010 ,-0.240 ,4.192 ,4.231 ,4.335 ,1578581.300 ,1792291.040 ,2828226.560 
,2018-03-08,4.220 ,4.220 ,4.200 ,4.180 ,1080629.880 ,-0.020 ,-0.470 ,4.188 ,4.251 ,4.355 ,1672916.270 ,1805481.800 ,2893797.220 
,2018-03-07,4.210 ,4.270 ,4.210 ,4.200 ,2149248.250 ,0.020 ,0.480 ,4.192 ,4.268 ,4.376 ,1778390.650 ,1876431.460 ,3044936.190 
,2018-03-06,4.170 ,4.210 ,4.190 ,4.130 ,1868327.620 ,0.030 ,0.720 ,4.196 ,4.276 ,4.392 ,1718825.520 ,1796511.440 ,3076899.420 
,2018-03-05,4.160 ,4.190 ,4.170 ,4.120 ,1463341.120 ,0.000 ,0.000 ,4.222 ,4.284 ,4.407 ,1844231.550 ,1870301.700 ,3122163.850 
,2018-03-02,4.200 ,4.200 ,4.170 ,4.140 ,1803034.500 ,-0.050 ,-1.190 ,4.270 ,4.288 ,4.428 ,2006000.770 ,1975957.110 ,3238908.730 
,2018-03-01,4.200 ,4.260 ,4.220 ,4.190 ,1608001.750 ,-0.010 ,-0.240 ,4.314 ,4.302 ,4.452 ,1938047.320 ,2359566.610 ,3364004.960 
,2018-02-28,4.270 ,4.280 ,4.230 ,4.210 ,1851422.620 ,-0.090 ,-2.080 ,4.344 ,4.323 ,4.473 ,1974472.270 ,2695190.040 ,3463359.130 
,2018-02-27,4.400 ,4.400 ,4.320 ,4.300 ,2495357.750 ,-0.080 ,-1.820 ,4.356 ,4.359 ,4.496 ,1874197.350 ,3168224.930 ,3643149.430 
,2018-02-26,4.420 ,4.480 ,4.410 ,4.360 ,2272187.250 ,0.020 ,0.460 ,4.346 ,4.404 ,4.514 ,1896371.850 ,3622439.250 ,3871336.840 
,2018-02-23,4.390 ,4.400 ,4.390 ,4.340 ,1463267.250 ,0.020 ,0.460 ,4.306 ,4.439 ,4.514 ,1945913.450 ,3864162.080 ,4011384.930 
,2018-02-22,4.340 ,4.400 ,4.370 ,4.340 ,1790126.500 ,0.090 ,2.100 ,4.290 ,4.459 ,4.514 ,2781085.900 ,3982112.650 ,4260882.840 
,2018-02-14,4.270 ,4.300 ,4.290 ,4.220 ,1350048.000 ,0.010 ,0.230 ,4.302 ,4.483 ,4.514 ,3415907.800 ,4213440.930 ,4489566.340 
,2018-02-13,4.240 ,4.350 ,4.270 ,4.230 ,2606230.250 ,0.060 ,1.430 ,4.362 ,4.508 ,4.511 ,4462252.500 ,4357287.400 ,4610504.340 
,2018-02-12,4.250 ,4.300 ,4.210 ,4.190 ,2519895.250 ,-0.080 ,-1.860 ,4.462 ,4.529 ,4.509 ,5348506.650 ,4374026.000 ,4610315.400 
,2018-02-09,4.300 ,4.340 ,4.310 ,4.120 ,5639129.500 ,-0.110 ,-2.490 ,4.572 ,4.568 ,4.507 ,5782410.700 ,4501860.350 ,4683202.630 
,2018-02-08,4.520 ,4.540 ,4.430 ,4.330 ,4964236.000 ,-0.160 ,-3.490 ,4.628 ,4.602 ,4.496 ,5183139.400 ,4368443.300 ,4496614.300 
,2018-02-07,4.820 ,4.870 ,4.590 ,4.520 ,6581771.500 ,-0.170 ,-3.570 ,4.664 ,4.622 ,4.479 ,5010974.050 ,4231528.230 ,4370800.760 
,2018-02-06,4.690 ,4.850 ,4.770 ,4.650 ,7037501.000 ,0.010 ,0.210 ,4.654 ,4.632 ,4.451 ,4252322.300 ,4118073.930 ,4215118.450 
,2018-02-05,4.510 ,4.780 ,4.760 ,4.510 ,4689415.500 ,0.180 ,3.930 ,4.596 ,4.624 ,4.411 ,3399545.350 ,4120234.430 ,3963918.110 
,2018-02-02,4.580 ,4.600 ,4.590 ,4.510 ,2642773.000 ,-0.040 ,-0.860 ,4.564 ,4.588 ,4.374 ,3221310.000 ,4158607.780 ,3842666.650 
,2018-02-01,4.530 ,4.650 ,4.610 ,4.520 ,4103409.250 ,0.070 ,1.540 ,4.576 ,4.569 ,4.344 ,3553747.200 ,4539653.030 ,3821997.050 
,2018-01-31,4.460 ,4.550 ,4.540 ,4.450 ,2788512.750 ,0.060 ,1.340 ,4.580 ,4.544 ,4.313 ,3452082.400 ,4765691.750 ,3728570.190 
,2018-01-30,4.570 ,4.610 ,4.480 ,4.470 ,2773616.250 ,-0.120 ,-2.610 ,4.610 ,4.514 ,4.286 ,3983825.550 ,4863721.280 ,3678408.730 
,2018-01-29,4.670 ,4.750 ,4.600 ,4.570 ,3798238.750 ,-0.050 ,-1.070 ,4.652 ,4.489 ,4.261 ,4840923.500 ,4846604.800 ,3746981.860 
,2018-01-26,4.610 ,4.730 ,4.650 ,4.560 ,4304959.000 ,0.020 ,0.430 ,4.612 ,4.446 ,4.230 ,5095905.550 ,4864544.900 ,3654374.010 
,2018-01-25,4.660 ,4.690 ,4.630 ,4.520 ,3595085.250 ,-0.060 ,-1.280 ,4.562 ,4.390 ,4.195 ,5525558.850 ,4624785.300 ,3511085.830 
,2018-01-24,4.710 ,4.790 ,4.690 ,4.620 ,5447228.500 ,0.010 ,0.210 ,4.508 ,4.335 ,4.159 ,6079301.100 ,4510073.300 ,3409398.580 
,2018-01-23,4.400 ,4.710 ,4.690 ,4.380 ,7059106.000 ,0.290 ,6.590 ,4.418 ,4.269 ,4.122 ,5743617.000 ,4312162.980 ,3208538.630 
,2018-01-22,4.370 ,4.520 ,4.400 ,4.350 ,5073149.000 ,0.000 ,0.000 ,4.326 ,4.198 ,4.083 ,4852286.100 ,3807601.800 ,2929156.780 
,2018-01-19,4.430 ,4.510 ,4.400 ,4.360 ,6453225.500 ,0.040 ,0.920 ,4.280 ,4.159 ,4.058 ,4633184.250 ,3526725.530 ,2708795.410 
,2018-01-18,4.270 ,4.360 ,4.360 ,4.240 ,6363796.500 ,0.120 ,2.830 ,4.218 ,4.118 ,4.033 ,3724011.750 ,3104341.080 ,2440460.860 
,2018-01-17,4.230 ,4.340 ,4.240 ,4.230 ,3768808.000 ,0.020 ,0.470 ,4.162 ,4.082 ,4.011 ,2940845.500 ,2691448.630 ,2190750.220 
,2018-01-16,4.170 ,4.230 ,4.230 ,4.160 ,2602451.500 ,0.050 ,1.200 ,4.120 ,4.058 ,3.994 ,2880708.950 ,2493096.190 ,2060201.720 
,2018-01-15,4.100 ,4.200 ,4.170 ,4.090 ,3977639.750 ,0.080 ,1.960 ,4.070 ,4.033 ,3.976 ,2762917.500 ,2647358.910 ,1969389.840 
,2018-01-12,4.090 ,4.120 ,4.090 ,4.070 ,1907363.000 ,0.000 ,0.000 ,4.038 ,4.014 ,3.961 ,2420266.800 ,2444203.110 ,1820500.220 
,2018-01-11,4.030 ,4.100 ,4.080 ,4.030 ,2447965.250 ,0.050 ,1.240 ,4.018 ,3.999 ,3.951 ,2484670.400 ,2397386.350 ,1771954.140 
,2018-01-10,3.970 ,4.040 ,4.030 ,3.960 ,3468125.250 ,0.070 ,1.770 ,4.002 ,3.983 ,3.943 ,2442051.750 ,2308723.860 ,1705727.440 
,2018-01-09,4.010 ,4.010 ,3.980 ,3.950 ,2013494.250 ,-0.030 ,-0.750 ,3.996 ,3.975 ,3.935 ,2105483.420 ,2104914.280 ,1569200.850 
,2018-01-08,3.980 ,4.020 ,4.010 ,3.980 ,2264386.250 ,0.030 ,0.750 ,3.996 ,3.968 ,3.932 ,2531800.320 ,2050711.750 ,1521864.530 
,2018-01-05,4.000 ,4.010 ,3.990 ,3.960 ,2229381.000 ,-0.010 ,-0.250 ,3.990 ,3.957 ,3.928 ,2468139.420 ,1890865.300 ,1456845.170 
,2018-01-04,4.000 ,4.030 ,4.000 ,3.970 ,2234872.000 ,0.000 ,0.000 ,3.980 ,3.948 ,3.926 ,2310102.300 ,1776580.650 ,1409444.860 
,2018-01-03,3.970 ,4.020 ,4.000 ,3.960 ,1785283.620 ,0.020 ,0.500 ,3.964 ,3.939 ,3.923 ,2175395.980 ,1690051.820 ,1376657.050 
,2018-01-02,3.980 ,4.050 ,3.980 ,3.930 ,4145078.750 ,0.010 ,0.250 ,3.954 ,3.929 ,3.922 ,2104345.130 ,1627307.260 ,1464013.460 
,2017-12-29,3.940 ,3.990 ,3.980 ,3.930 ,1946081.750 ,0.050 ,1.270 ,3.940 ,3.918 ,3.919 ,1569623.180 ,1291420.760 ,1314451.710 
,2017-12-28,3.900 ,3.950 ,3.940 ,3.900 ,1439195.380 ,0.020 ,0.510 ,3.924 ,3.907 ,3.915 ,1313591.170 ,1196797.330 ,1298564.660 
,2017-12-27,3.950 ,3.980 ,3.920 ,3.890 ,1561340.380 ,-0.030 ,-0.760 ,3.916 ,3.903 ,3.915 ,1243058.990 ,1146521.930 ,1292244.430 
,2017-12-26,3.920 ,3.970 ,3.950 ,3.910 ,1430029.380 ,0.030 ,0.770 ,3.914 ,3.902 ,3.915 ,1204707.660 ,1102731.020 ,1295366.750 
,2017-12-25,3.900 ,3.940 ,3.910 ,3.900 ,1471469.000 ,0.010 ,0.260 ,3.904 ,3.895 ,3.914 ,1150269.390 ,1033487.430 ,1303254.700 
,2017-12-22,3.910 ,3.910 ,3.900 ,3.890 ,665921.690 ,0.000 ,0.000 ,3.896 ,3.896 ,3.916 ,1013218.340 ,993017.310 ,1381212.200 
,2017-12-21,3.900 ,3.920 ,3.900 ,3.890 ,1086534.500 ,0.000 ,0.000 ,3.890 ,3.899 ,3.921 ,1080003.490 ,1022825.050 ,1438957.290 
,2017-12-20,3.900 ,3.920 ,3.910 ,3.880 ,1369583.750 ,0.020 ,0.510 ,3.890 ,3.903 ,3.926 ,1049984.880 ,1042309.080 ,1548889.270 
,2017-12-19,3.870 ,3.900 ,3.900 ,3.860 ,1157838.000 ,0.040 ,1.040 ,3.890 ,3.907 ,3.932 ,1000754.380 ,1063262.270 ,1682872.290 
,2017-12-18,3.880 ,3.890 ,3.870 ,3.850 ,786213.750 ,0.010 ,0.260 ,3.886 ,3.914 ,3.933 ,916705.460 ,1300719.670 ,1786770.890 
,2017-12-15,3.900 ,3.900 ,3.870 ,3.860 ,999847.440 ,-0.020 ,-0.510 ,3.896 ,3.919 ,3.937 ,972816.290 ,1337482.670 ,1863403.600 
,2017-12-14,3.910 ,3.930 ,3.900 ,3.880 ,936441.440 ,0.000 ,0.000 ,3.908 ,3.923 ,3.939 ,965646.600 ,1400332.000 ,1978879.320 
,2017-12-13,3.880 ,3.910 ,3.910 ,3.870 ,1123431.250 ,0.030 ,0.770 ,3.916 ,3.926 ,3.936 ,1034633.290 ,1437966.920 ,1986511.360 
,2017-12-12,3.930 ,3.930 ,3.880 ,3.880 ,737593.440 ,-0.050 ,-1.270 ,3.924 ,3.928 ,3.934 ,1125770.160 ,1488002.480 ,1986085.490 
,2017-12-11,3.920 ,3.930 ,3.920 ,3.900 ,1066767.880 ,0.000 ,0.000 ,3.942 ,3.932 ,3.933 ,1684733.880 ,1573021.980 ,2019144.730 
,2017-12-08,3.940 ,3.940 ,3.930 ,3.910 ,963999.000 ,-0.010 ,-0.250 ,3.942 ,3.935 ,3.932 ,1702149.050 ,1769407.090 ,2127214.030 
,2017-12-07,3.960 ,3.960 ,3.940 ,3.910 ,1281374.880 ,-0.020 ,-0.510 ,3.938 ,3.942 ,3.929 ,1835017.400 ,1855089.540 ,2179826.640 
,2017-12-06,3.980 ,4.000 ,3.950 ,3.940 ,1579115.620 ,-0.030 ,-0.750 ,3.936 ,3.948 ,3.927 ,1841300.550 ,2055469.450 ,2160642.940 
,2017-12-05,3.920 ,4.020 ,3.970 ,3.900 ,3532412.000 ,0.050 ,1.280 ,3.932 ,3.956 ,3.927 ,1850234.800 ,2302482.310 ,2173851.820 
,2017-12-04,3.920 ,3.930 ,3.920 ,3.890 ,1153843.750 ,0.000 ,0.000 ,3.922 ,3.952 ,3.924 ,1461310.080 ,2272822.110 ,2084394.460 
,2017-12-01,3.930 ,3.950 ,3.910 ,3.890 ,1628340.750 ,-0.020 ,-0.510 ,3.928 ,3.954 ,3.922 ,1836665.130 ,2389324.540 ,2105843.110 
,2017-11-30,3.930 ,3.950 ,3.930 ,3.900 ,1312790.620 ,0.000 ,0.000 ,3.946 ,3.955 ,3.920 ,1875161.680 ,2557426.640 ,2141844.790 
,2017-11-29,3.920 ,3.950 ,3.930 ,3.880 ,1623786.880 ,0.010 ,0.260 ,3.960 ,3.946 ,3.918 ,2269638.350 ,2535055.800 ,2188781.990 
,2017-11-28,3.930 ,3.940 ,3.920 ,3.890 ,1587788.380 ,-0.030 ,-0.760 ,3.980 ,3.939 ,3.917 ,2754729.830 ,2484168.500 ,2250169.180 
,2017-11-27,3.990 ,3.990 ,3.950 ,3.900 ,3030619.000 ,-0.050 ,-1.250 ,3.982 ,3.934 ,3.918 ,3084334.150 ,2465267.490 ,2300882.060 
,2017-11-24,3.990 ,4.030 ,4.000 ,3.960 ,1820823.500 ,0.000 ,0.000 ,3.980 ,3.928 ,3.923 ,2941983.950 ,2485020.960 ,2243741.930 
,2017-11-23,4.020 ,4.070 ,4.000 ,3.970 ,3285174.000 ,-0.030 ,-0.740 ,3.964 ,3.915 ,3.925 ,3239691.600 ,2504563.750 ,2262724.850 
,2017-11-22,3.940 ,4.040 ,4.030 ,3.930 ,4049244.250 ,0.110 ,2.810 ,3.932 ,3.906 ,3.925 ,2800473.250 ,2265816.430 ,2262662.650 
,2017-11-21,3.940 ,3.980 ,3.930 ,3.910 ,3235810.000 ,-0.010 ,-0.250 ,3.898 ,3.898 ,3.927 ,2213607.180 ,2045221.330 ,2131417.040 
,2017-11-20,3.910 ,3.960 ,3.940 ,3.890 ,2318868.000 ,0.020 ,0.510 ,3.886 ,3.896 ,3.936 ,1846200.830 ,1895966.800 ,2018812.160 
,2017-11-17,3.850 ,3.940 ,3.920 ,3.840 ,3309361.750 ,0.080 ,2.080 ,3.876 ,3.889 ,3.945 ,2028057.980 ,1822361.680 ,1961197.230 
,2017-11-16,3.870 ,3.870 ,3.840 ,3.830 ,1089082.250 ,-0.030 ,-0.780 ,3.866 ,3.885 ,3.957 ,1769435.900 ,1726262.950 ,1834879.770 
,2017-11-15,3.870 ,3.880 ,3.860 ,3.850 ,1114913.880 ,-0.020 ,-0.520 ,3.880 ,3.890 ,3.975 ,1731159.600 ,1842508.180 ,1876111.250 
,2017-11-14,3.870 ,3.880 ,3.870 ,3.850 ,1398778.250 ,-0.020 ,-0.510 ,3.898 ,3.895 ,3.990 ,1876835.480 ,2016169.860 ,1928828.800 
,2017-11-13,3.860 ,3.910 ,3.890 ,3.840 ,3228153.750 ,0.020 ,0.520 ,3.906 ,3.902 ,4.004 ,1945732.780 ,2136496.640 ,1898310.040 
,2017-11-10,3.920 ,3.920 ,3.870 ,3.840 ,2016251.380 ,-0.050 ,-1.280 ,3.902 ,3.918 ,4.017 ,1616665.380 ,2002462.890 ,1798421.620 
,2017-11-09,3.940 ,3.950 ,3.910 ,3.910 ,897700.750 ,-0.040 ,-1.010 ,3.904 ,3.934 ,4.030 ,1683090.000 ,2020885.950 ,1740251.790 
,2017-11-08,3.920 ,3.950 ,3.950 ,3.900 ,1843293.250 ,0.040 ,1.020 ,3.900 ,3.943 ,4.043 ,1953856.750 ,2259508.880 ,1745515.660 
,2017-11-07,3.870 ,3.930 ,3.910 ,3.860 ,1743264.750 ,0.040 ,1.030 ,3.892 ,3.955 ,4.054 ,2155504.250 ,2217612.750 ,1731140.830 
,2017-11-06,3.860 ,3.880 ,3.870 ,3.840 ,1582816.750 ,-0.010 ,-0.260 ,3.898 ,3.976 ,4.065 ,2327260.500 ,2141657.510 ,1704170.570 
,2017-11-03,3.880 ,3.890 ,3.880 ,3.840 ,2348374.500 ,-0.010 ,-0.260 ,3.934 ,4.000 ,4.078 ,2388260.400 ,2100032.780 ,1807169.720 
,2017-11-02,3.900 ,3.910 ,3.890 ,3.850 ,2251534.500 ,-0.020 ,-0.510 ,3.964 ,4.029 ,4.090 ,2358681.900 ,1943496.600 ,1737954.280 
,2017-11-01,3.940 ,3.950 ,3.910 ,3.890 ,2851530.750 ,-0.030 ,-0.760 ,3.986 ,4.059 ,4.102 ,2565161.000 ,1909714.320 ,1692932.760 
,2017-10-31,4.020 ,4.020 ,3.940 ,3.930 ,2602046.000 ,-0.110 ,-2.720 ,4.018 ,4.085 ,4.114 ,2279721.250 ,1841487.750 ,1610328.150 
,2017-10-30,4.030 ,4.070 ,4.050 ,4.010 ,1887816.250 ,0.020 ,0.500 ,4.054 ,4.105 ,4.127 ,1956054.530 ,1660123.450 ,1531036.640 
,2017-10-27,3.990 ,4.060 ,4.030 ,3.980 ,2200482.000 ,0.030 ,0.750 ,4.066 ,4.115 ,4.136 ,1811805.150 ,1594380.350 ,1525511.670 
,2017-10-26,4.070 ,4.080 ,4.000 ,3.970 ,3283930.000 ,-0.070 ,-1.720 ,4.094 ,4.126 ,4.144 ,1528311.290 ,1459617.640 ,1472385.010 
,2017-10-25,4.120 ,4.130 ,4.070 ,4.050 ,1424332.000 ,-0.050 ,-1.210 ,4.132 ,4.142 ,4.152 ,1254267.640 ,1231522.450 ,1365650.470 
,2017-10-24,4.110 ,4.140 ,4.120 ,4.110 ,983712.380 ,0.010 ,0.240 ,4.152 ,4.152 ,4.155 ,1403254.240 ,1244668.910 ,1353944.010 
,2017-10-23,4.160 ,4.170 ,4.110 ,4.110 ,1166569.380 ,-0.060 ,-1.440 ,4.156 ,4.154 ,4.153 ,1364192.360 ,1266683.630 ,1357494.440 
,2017-10-20,4.170 ,4.180 ,4.170 ,4.150 ,783012.690 ,-0.020 ,-0.480 ,4.164 ,4.155 ,4.151 ,1376955.540 ,1514306.670 ,1371898.490 
,2017-10-19,4.150 ,4.200 ,4.190 ,4.140 ,1913711.750 ,0.020 ,0.480 ,4.158 ,4.150 ,4.145 ,1390923.990 ,1532411.960 ,1429531.370 
,2017-10-18,4.140 ,4.190 ,4.170 ,4.110 ,2169265.000 ,0.030 ,0.720 ,4.152 ,4.145 ,4.142 ,1208777.250 ,1476151.190 ,1422646.930 
,2017-10-17,4.150 ,4.160 ,4.140 ,4.130 ,788403.000 ,-0.010 ,-0.240 ,4.152 ,4.143 ,4.142 ,1086083.570 ,1379168.550 ,1354775.200 
,2017-10-16,4.140 ,4.160 ,4.150 ,4.110 ,1230385.250 ,0.010 ,0.240 ,4.152 ,4.149 ,4.145 ,1169174.900 ,1401949.840 ,1378464.820 
,2017-10-13,4.150 ,4.150 ,4.140 ,4.120 ,852854.940 ,-0.020 ,-0.480 ,4.146 ,4.157 ,4.148 ,1651657.800 ,1456642.990 ,1366467.150 
,2017-10-12,4.180 ,4.180 ,4.160 ,4.140 ,1002978.060 ,-0.010 ,-0.240 ,4.142 ,4.162 ,4.151 ,1673899.920 ,1485152.370 ,1377184.670 
,2017-10-11,4.140 ,4.190 ,4.170 ,4.120 ,1555796.620 ,0.030 ,0.720 ,4.138 ,4.162 ,4.154 ,1743525.130 ,1499778.490 ,1374566.840 
,2017-10-10,4.130 ,4.140 ,4.140 ,4.100 ,1203859.620 ,0.020 ,0.480 ,4.134 ,4.158 ,4.158 ,1672253.530 ,1463219.110 ,1349543.970 
,2017-10-09,4.240 ,4.280 ,4.120 ,4.080 ,3642799.750 ,0.000 ,0.000 ,4.146 ,4.152 ,4.165 ,1634724.790 ,1448305.260 ,1375702.870 
,2017-09-29,4.130 ,4.160 ,4.120 ,4.110 ,964065.560 ,-0.020 ,-0.480 ,4.168 ,4.146 ,4.169 ,1261628.190 ,1229490.310 ,1281249.380 
,2017-09-28,4.150 ,4.160 ,4.140 ,4.100 ,1351104.120 ,-0.010 ,-0.240 ,4.182 ,4.140 ,4.173 ,1296404.820 ,1326650.790 ,1336520.550 
,2017-09-27,4.200 ,4.220 ,4.150 ,4.130 ,1199438.620 ,-0.050 ,-1.190 ,4.186 ,4.138 ,4.178 ,1256031.850 ,1369142.680 ,1405519.060 
,2017-09-26,4.210 ,4.220 ,4.200 ,4.200 ,1016215.880 ,-0.030 ,-0.710 ,4.182 ,4.141 ,4.184 ,1254184.680 ,1330381.840 ,1430007.440 
,2017-09-25,4.190 ,4.240 ,4.230 ,4.160 ,1777316.750 ,0.040 ,0.950 ,4.158 ,4.141 ,4.190 ,1261885.720 ,1354979.810 ,1477831.390 
,2017-09-22,4.140 ,4.200 ,4.190 ,4.140 ,1137948.750 ,0.030 ,0.720 ,4.124 ,4.138 ,4.190 ,1197352.420 ,1276291.310 ,1541983.640 
,2017-09-21,4.120 ,4.170 ,4.160 ,4.090 ,1149239.250 ,0.030 ,0.730 ,4.098 ,4.139 ,4.191 ,1356896.750 ,1269216.980 ,1667824.400 
,2017-09-20,4.070 ,4.140 ,4.130 ,4.060 ,1190202.750 ,0.050 ,1.230 ,4.090 ,4.145 ,4.186 ,1482253.500 ,1249355.190 ,1697260.810 
,2017-09-19,4.080 ,4.080 ,4.080 ,4.030 ,1054721.120 ,0.020 ,0.490 ,4.100 ,4.158 ,4.182 ,1406579.010 ,1235868.830 ,1745501.280 
,2017-09-18,4.070 ,4.100 ,4.060 ,4.050 ,1454650.250 ,0.000 ,0.000 ,4.124 ,4.177 ,4.178 ,1448073.890 ,1303100.490 ,1748684.350 
,2017-09-15,4.100 ,4.110 ,4.060 ,4.020 ,1935670.380 ,-0.060 ,-1.460 ,4.152 ,4.192 ,4.175 ,1355230.200 ,1333008.460 ,1732078.610 
,2017-09-14,4.190 ,4.200 ,4.120 ,4.100 ,1776023.000 ,-0.060 ,-1.440 ,4.180 ,4.206 ,4.172 ,1181537.200 ,1346390.310 ,1675746.660 
,2017-09-13,4.200 ,4.210 ,4.180 ,4.170 ,811830.310 ,-0.020 ,-0.480 ,4.200 ,4.217 ,4.167 ,1016456.880 ,1441895.440 ,1647295.210 
,2017-09-12,4.200 ,4.220 ,4.200 ,4.150 ,1262195.500 ,0.000 ,0.000 ,4.216 ,4.226 ,4.159 ,1065158.640 ,1529633.030 ,1696061.890 
,2017-09-11,4.210 ,4.260 ,4.200 ,4.190 ,990431.810 ,0.000 ,0.000 ,4.230 ,4.238 ,4.151 ,1158127.090 ,1600682.970 ,1821648.550 
,2017-09-08,4.220 ,4.230 ,4.200 ,4.180 ,1067205.380 ,-0.020 ,-0.470 ,4.232 ,4.241 ,4.137 ,1310786.730 ,1807675.960 ,1863147.820 
,2017-09-07,4.260 ,4.270 ,4.220 ,4.220 ,950621.380 ,-0.040 ,-0.940 ,4.232 ,4.242 ,4.124 ,1511243.430 ,2066431.830 ,1964005.580 
,2017-09-06,4.250 ,4.280 ,4.260 ,4.220 ,1055339.120 ,-0.010 ,-0.230 ,4.234 ,4.226 ,4.112 ,1867334.000 ,2145166.430 ,2004829.600 
,2017-09-05,4.210 ,4.290 ,4.270 ,4.200 ,1727037.750 ,0.060 ,1.430 ,4.236 ,4.206 ,4.098 ,1994107.430 ,2255133.740 ,2060563.320 
,2017-09-04,4.200 ,4.230 ,4.210 ,4.130 ,1753730.000 ,0.010 ,0.240 ,4.246 ,4.179 ,4.088 ,2043238.850 ,2194268.200 ,2077321.170 
,2017-09-01,4.220 ,4.260 ,4.200 ,4.160 ,2069488.880 ,-0.030 ,-0.710 ,4.250 ,4.157 ,4.078 ,2304565.200 ,2131148.750 ,2086242.420 
,2017-08-31,4.290 ,4.310 ,4.230 ,4.170 ,2731074.250 ,-0.040 ,-0.940 ,4.252 ,4.137 ,4.070 ,2621620.230 ,2005103.010 ,2098171.610 
,2017-08-30,4.300 ,4.370 ,4.270 ,4.240 ,1689206.250 ,-0.050 ,-1.160 ,4.218 ,4.116 ,4.061 ,2422998.850 ,1852694.990 ,2125621.780 
,2017-08-29,4.230 ,4.340 ,4.320 ,4.200 ,1972694.880 ,0.090 ,2.130 ,4.176 ,4.092 ,4.050 ,2516160.050 ,1862490.750 ,2243561.540 
,2017-08-28,4.230 ,4.350 ,4.230 ,4.200 ,3060361.750 ,0.020 ,0.470 ,4.112 ,4.064 ,4.032 ,2345297.550 ,2042614.140 ,2299461.890 
,2017-08-25,4.060 ,4.220 ,4.210 ,4.060 ,3654764.000 ,0.150 ,3.690 ,4.064 ,4.032 ,4.017 ,1957732.300 ,1918619.680 ,2317328.870 
,2017-08-24,4.060 ,4.130 ,4.060 ,4.050 ,1737967.380 ,0.000 ,0.000 ,4.022 ,4.006 ,4.000 ,1388585.800 ,1861579.330 ,2224937.930 
,2017-08-23,4.000 ,4.080 ,4.060 ,3.990 ,2155012.250 ,0.060 ,1.500 ,4.014 ,3.998 ,3.991 ,1282391.130 ,1864492.780 ,2242054.370 
,2017-08-22,3.990 ,4.010 ,4.000 ,3.960 ,1118382.380 ,0.010 ,0.250 ,4.008 ,3.990 ,3.983 ,1208821.450 ,1865992.900 ,2285227.090 
,2017-08-21,4.000 ,4.020 ,3.990 ,3.960 ,1122535.500 ,-0.010 ,-0.250 ,4.016 ,3.997 ,3.975 ,1739930.730 ,1960374.140 ,2395018.700 
,2017-08-18,4.000 ,4.030 ,4.000 ,3.980 ,809031.500 ,-0.020 ,-0.500 ,4.000 ,3.999 ,3.966 ,1879507.050 ,2041336.090 ,2485332.410 
,2017-08-17,4.030 ,4.030 ,4.020 ,3.980 ,1206994.000 ,-0.010 ,-0.250 ,3.990 ,4.002 ,3.955 ,2334572.850 ,2191240.210 ,2522988.140 
,2017-08-16,4.050 ,4.070 ,4.030 ,4.000 ,1787163.880 ,-0.010 ,-0.250 ,3.982 ,4.006 ,3.943 ,2446594.430 ,2398548.560 ,2560009.690 
,2017-08-15,3.920 ,4.080 ,4.040 ,3.920 ,3773928.750 ,0.130 ,3.330 ,3.972 ,4.008 ,3.930 ,2523164.350 ,2624632.330 ,2612742.410 
,2017-08-14,3.920 ,3.940 ,3.910 ,3.880 ,1820417.120 ,-0.040 ,-1.010 ,3.978 ,4.000 ,3.916 ,2180817.550 ,2556309.650 ,2561715.020 
,2017-08-11,3.940 ,3.960 ,3.950 ,3.850 ,3084360.500 ,-0.030 ,-0.750 ,3.998 ,4.001 ,3.910 ,2203165.130 ,2716038.060 ,2768992.290 
,2017-08-10,3.980 ,4.010 ,3.980 ,3.920 ,1767101.880 ,0.000 ,0.000 ,4.014 ,3.994 ,3.896 ,2047907.580 ,2588296.530 ,2755198.500 
,2017-08-09,4.050 ,4.070 ,3.980 ,3.980 ,2170013.500 ,-0.090 ,-2.210 ,4.030 ,3.983 ,3.888 ,2350502.700 ,2619615.960 ,2846790.260 
,2017-08-08,4.020 ,4.080 ,4.070 ,3.980 ,2062194.750 ,0.060 ,1.500 ,4.044 ,3.975 ,3.876 ,2726100.300 ,2704461.290 ,2901504.520 
,2017-08-07,4.020 ,4.060 ,4.010 ,3.970 ,1932155.000 ,-0.020 ,-0.500 ,4.022 ,3.953 ,3.859 ,2931801.750 ,2829663.260 ,2938916.590 
,2017-08-04,4.050 ,4.120 ,4.030 ,4.020 ,2308072.750 ,-0.030 ,-0.740 ,4.004 ,3.932 ,3.843 ,3228911.000 ,2929328.740 ,2901953.280 
,2017-08-03,4.050 ,4.150 ,4.060 ,4.010 ,3280077.500 ,0.010 ,0.250 ,3.974 ,3.907 ,3.826 ,3128685.470 ,2854736.060 ,2867841.970 
,2017-08-02,3.960 ,4.080 ,4.050 ,3.950 ,4048001.500 ,0.090 ,2.270 ,3.936 ,3.880 ,3.806 ,2888729.220 ,2721470.810 ,2784873.520 
,2017-08-01,3.920 ,3.970 ,3.960 ,3.920 ,3090702.000 ,0.040 ,1.020 ,3.906 ,3.851 ,3.788 ,2682822.270 ,2600852.490 ,2653851.870 
,2017-07-31,3.880 ,3.960 ,3.920 ,3.880 ,3417701.250 ,0.040 ,1.030 ,3.884 ,3.831 ,3.774 ,2727524.770 ,2567120.390 ,2597240.560 
,2017-07-28,3.850 ,3.890 ,3.880 ,3.820 ,1806945.120 ,0.010 ,0.260 ,3.860 ,3.818 ,3.762 ,2629746.470 ,2821946.510 ,2503393.520 
,2017-07-27,3.910 ,3.910 ,3.870 ,3.850 ,2080296.250 ,-0.030 ,-0.770 ,3.840 ,3.798 ,3.753 ,2580786.650 ,2922100.480 ,2488824.020 
,2017-07-26,3.850 ,3.950 ,3.900 ,3.850 ,3018466.750 ,0.050 ,1.300 ,3.824 ,3.792 ,3.744 ,2554212.400 ,3073964.550 ,2449082.960 
,2017-07-25,3.820 ,3.890 ,3.850 ,3.810 ,3314214.500 ,0.050 ,1.320 ,3.796 ,3.777 ,3.732 ,2518882.700 ,3098547.750 ,2376878.520 
,2017-07-24,3.770 ,3.840 ,3.800 ,3.760 ,2928809.750 ,0.020 ,0.530 ,3.778 ,3.764 ,3.723 ,2406716.000 ,3048169.930 ,2289448.470 
,2017-07-21,3.780 ,3.800 ,3.780 ,3.760 ,1562146.000 ,-0.010 ,-0.260 ,3.776 ,3.753 ,3.716 ,3014146.550 ,2874577.830 ,2285420.540 
,2017-07-20,3.770 ,3.790 ,3.790 ,3.740 ,1947425.000 ,0.030 ,0.800 ,3.756 ,3.744 ,3.712 ,3263414.300 ,2880947.890 ,2323487.620 
,2017-07-19,3.750 ,3.800 ,3.760 ,3.740 ,2841818.250 ,0.000 ,0.000 ,3.760 ,3.732 ,3.708 ,3593716.700 ,2848276.230 ,2344379.990 
,2017-07-18,3.760 ,3.810 ,3.760 ,3.730 ,2753381.000 ,-0.030 ,-0.790 ,3.758 ,3.724 ,3.705 ,3678212.800 ,2706851.260 ,2315118.910 
,2017-07-17,3.680 ,3.820 ,3.790 ,3.670 ,5965962.500 ,0.110 ,2.990 ,3.750 ,3.716 ,3.701 ,3689623.850 ,2627360.720 ,2287727.530 
,2017-07-14,3.680 ,3.690 ,3.680 ,3.640 ,2808484.750 ,0.040 ,1.100 ,3.730 ,3.706 ,3.695 ,2735009.100 ,2184840.540 ,2042511.870 
,2017-07-13,3.760 ,3.820 ,3.810 ,3.750 ,3598937.000 ,0.060 ,1.600 ,3.732 ,3.708 ,3.696 ,2498481.470 ,2055547.560 ,1987799.520 
,2017-07-12,3.730 ,3.770 ,3.750 ,3.720 ,3264298.750 ,0.030 ,0.810 ,3.704 ,3.695 ,3.688 ,2102835.750 ,1824201.370 ,1863865.860 
,2017-07-11,3.690 ,3.740 ,3.720 ,3.680 ,2810436.250 ,0.030 ,0.810 ,3.690 ,3.687 ,3.683 ,1735489.720 ,1655209.300 ,1747163.120 
,2017-07-10,3.680 ,3.700 ,3.690 ,3.670 ,1192888.750 ,0.000 ,0.000 ,3.682 ,3.681 ,3.679 ,1565097.600 ,1530727.020 ,1650501.930 
,2017-07-07,3.670 ,3.690 ,3.690 ,3.660 ,1625846.620 ,0.020 ,0.550 ,3.682 ,3.678 ,3.678 ,1634671.970 ,1696263.250 ,1696263.250 
,2017-07-06,3.680 ,3.690 ,3.670 ,3.660 ,1620708.380 ,-0.010 ,-0.270 ,3.684 ,3.677 ,3.677 ,1612613.650 ,1704087.320 ,1704087.320 
,2017-07-05,3.680 ,3.690 ,3.680 ,3.670 ,1427568.620 ,0.000 ,0.000 ,3.686 ,3.678 ,3.678 ,1545567.000 ,1714509.690 ,1714509.690 
,2017-07-04,3.680 ,3.700 ,3.680 ,3.660 ,1958475.620 ,-0.010 ,-0.270 ,3.684 ,3.677 ,3.677 ,1574928.870 ,1755501.270 ,1755501.270 
,2017-07-03,3.700 ,3.700 ,3.690 ,3.670 ,1540760.620 ,-0.010 ,-0.270 ,3.680 ,3.677 ,3.677 ,1496356.450 ,1721672.210 ,1721672.210 
,2017-06-30,3.670 ,3.700 ,3.700 ,3.660 ,1515555.000 ,0.020 ,0.540 ,3.674 ,3.674 ,3.674 ,1757854.520 ,1757854.520 ,1757854.520 
,2017-06-29,3.670 ,3.680 ,3.680 ,3.650 ,1285475.120 ,0.010 ,0.270 ,3.668 ,3.668 ,3.668 ,1818429.410 ,1818429.410 ,1818429.410 
,2017-06-28,3.660 ,3.680 ,3.670 ,3.650 ,1574378.000 ,0.010 ,0.270 ,3.663 ,3.663 ,3.663 ,1996080.830 ,1996080.830 ,1996080.830 
,2017-06-27,3.660 ,3.680 ,3.660 ,3.640 ,1565613.500 ,0.000 ,0.000 ,3.660 ,3.660 ,3.660 ,2206932.250 ,2206932.250 ,2206932.250 
,2017-06-26,3.670 ,3.700 ,3.660 ,3.650 ,2848251.000 ,-0.010 ,-0.270 ,3.660 ,3.660 ,3.660 ,2848251.000 ,2848251.000 ,2848251.000 
